{
	"credit": "Made with Blockbench",
	"textures": {
		"0": "items/wooden_hoe11",
		"particle": "items/wooden_hoe11"
	},
	"elements": [
		{
			"name": "wooden_hoe11_0",
			"from": [0.5, 0, 0],
			"to": [1.5, 0.5, 1],
			"faces": {
				"north": {"uv": [1.5, 0, 0.5, 0.5], "texture": "#0"},
				"east": {"uv": [1, 0, 1.5, 1], "rotation": 90, "texture": "#0"},
				"south": {"uv": [0.5, 0.5, 1.5, 1], "texture": "#0"},
				"west": {"uv": [0.5, 0, 1, 1], "rotation": 270, "texture": "#0"},
				"up": {"uv": [0.5, 0, 1.5, 1], "texture": "#0"},
				"down": {"uv": [0.5, 1, 1.5, 0], "texture": "#0"}
			}
		},
		{
			"name": "wooden_hoe11_1",
			"from": [1.5, 0, 0.5],
			"to": [2, 0.5, 2],
			"faces": {
				"north": {"uv": [2, 0.5, 1.5, 1], "texture": "#0"},
				"east": {"uv": [1.5, 0.5, 2, 2], "rotation": 90, "texture": "#0"},
				"south": {"uv": [1.5, 1.5, 2, 2], "texture": "#0"},
				"west": {"uv": [1.5, 0.5, 2, 2], "rotation": 270, "texture": "#0"},
				"up": {"uv": [1.5, 0.5, 2, 2], "texture": "#0"},
				"down": {"uv": [1.5, 2, 2, 0.5], "texture": "#0"}
			}
		},
		{
			"name": "wooden_hoe11_2",
			"from": [4, 0, 0.5],
			"to": [4.5, 0.5, 6.5],
			"faces": {
				"north": {"uv": [4.5, 0.5, 4, 1], "texture": "#0"},
				"east": {"uv": [4, 0.5, 4.5, 6.5], "rotation": 90, "texture": "#0"},
				"south": {"uv": [4, 6, 4.5, 6.5], "texture": "#0"},
				"west": {"uv": [4, 0.5, 4.5, 6.5], "rotation": 270, "texture": "#0"},
				"up": {"uv": [4, 0.5, 4.5, 6.5], "texture": "#0"},
				"down": {"uv": [4, 6.5, 4.5, 0.5], "texture": "#0"}
			}
		},
		{
			"name": "wooden_hoe11_3",
			"from": [1, 0, 1],
			"to": [1.5, 0.5, 1.5],
			"faces": {
				"north": {"uv": [1.5, 1, 1, 1.5], "texture": "#0"},
				"east": {"uv": [1, 1, 1.5, 1.5], "rotation": 90, "texture": "#0"},
				"south": {"uv": [1, 1, 1.5, 1.5], "texture": "#0"},
				"west": {"uv": [1, 1, 1.5, 1.5], "rotation": 270, "texture": "#0"},
				"up": {"uv": [1, 1, 1.5, 1.5], "texture": "#0"},
				"down": {"uv": [1, 1.5, 1.5, 1], "texture": "#0"}
			}
		},
		{
			"name": "wooden_hoe11_4",
			"from": [2, 0, 1],
			"to": [3, 0.5, 5],
			"faces": {
				"north": {"uv": [3, 1, 2, 1.5], "texture": "#0"},
				"east": {"uv": [2.5, 1, 3, 5], "rotation": 90, "texture": "#0"},
				"south": {"uv": [2, 4.5, 3, 5], "texture": "#0"},
				"west": {"uv": [2, 1, 2.5, 5], "rotation": 270, "texture": "#0"},
				"up": {"uv": [2, 1, 3, 5], "texture": "#0"},
				"down": {"uv": [2, 5, 3, 1], "texture": "#0"}
			}
		},
		{
			"name": "wooden_hoe11_5",
			"from": [3.5, 0, 1],
			"to": [4, 0.5, 7],
			"faces": {
				"north": {"uv": [4, 1, 3.5, 1.5], "texture": "#0"},
				"east": {"uv": [3.5, 1, 4, 7], "rotation": 90, "texture": "#0"},
				"south": {"uv": [3.5, 6.5, 4, 7], "texture": "#0"},
				"west": {"uv": [3.5, 1, 4, 7], "rotation": 270, "texture": "#0"},
				"up": {"uv": [3.5, 1, 4, 7], "texture": "#0"},
				"down": {"uv": [3.5, 7, 4, 1], "texture": "#0"}
			}
		},
		{
			"name": "wooden_hoe11_6",
			"from": [4.5, 0, 1],
			"to": [5, 0.5, 6],
			"faces": {
				"north": {"uv": [5, 1, 4.5, 1.5], "texture": "#0"},
				"east": {"uv": [4.5, 1, 5, 6], "rotation": 90, "texture": "#0"},
				"south": {"uv": [4.5, 5.5, 5, 6], "texture": "#0"},
				"west": {"uv": [4.5, 1, 5, 6], "rotation": 270, "texture": "#0"},
				"up": {"uv": [4.5, 1, 5, 6], "texture": "#0"},
				"down": {"uv": [4.5, 6, 5, 1], "texture": "#0"}
			}
		},
		{
			"name": "wooden_hoe11_7",
			"from": [3, 0, 1.5],
			"to": [3.5, 0.5, 7.5],
			"faces": {
				"north": {"uv": [3.5, 1.5, 3, 2], "texture": "#0"},
				"east": {"uv": [3, 1.5, 3.5, 7.5], "rotation": 90, "texture": "#0"},
				"south": {"uv": [3, 7, 3.5, 7.5], "texture": "#0"},
				"west": {"uv": [3, 1.5, 3.5, 7.5], "rotation": 270, "texture": "#0"},
				"up": {"uv": [3, 1.5, 3.5, 7.5], "texture": "#0"},
				"down": {"uv": [3, 7.5, 3.5, 1.5], "texture": "#0"}
			}
		},
		{
			"name": "wooden_hoe11_8",
			"from": [5, 0, 1.5],
			"to": [5.5, 0.5, 6],
			"faces": {
				"north": {"uv": [5.5, 1.5, 5, 2], "texture": "#0"},
				"east": {"uv": [5, 1.5, 5.5, 6], "rotation": 90, "texture": "#0"},
				"south": {"uv": [5, 5.5, 5.5, 6], "texture": "#0"},
				"west": {"uv": [5, 1.5, 5.5, 6], "rotation": 270, "texture": "#0"},
				"up": {"uv": [5, 1.5, 5.5, 6], "texture": "#0"},
				"down": {"uv": [5, 6, 5.5, 1.5], "texture": "#0"}
			}
		},
		{
			"name": "wooden_hoe11_9",
			"from": [1.5, 0, 2.5],
			"to": [2, 0.5, 5.5],
			"faces": {
				"north": {"uv": [2, 2.5, 1.5, 3], "texture": "#0"},
				"east": {"uv": [1.5, 2.5, 2, 5.5], "rotation": 90, "texture": "#0"},
				"south": {"uv": [1.5, 5, 2, 5.5], "texture": "#0"},
				"west": {"uv": [1.5, 2.5, 2, 5.5], "rotation": 270, "texture": "#0"},
				"up": {"uv": [1.5, 2.5, 2, 5.5], "texture": "#0"},
				"down": {"uv": [1.5, 5.5, 2, 2.5], "texture": "#0"}
			}
		},
		{
			"name": "wooden_hoe11_10",
			"from": [1, 0, 3],
			"to": [1.5, 0.5, 6],
			"faces": {
				"north": {"uv": [1.5, 3, 1, 3.5], "texture": "#0"},
				"east": {"uv": [1, 3, 1.5, 6], "rotation": 90, "texture": "#0"},
				"south": {"uv": [1, 5.5, 1.5, 6], "texture": "#0"},
				"west": {"uv": [1, 3, 1.5, 6], "rotation": 270, "texture": "#0"},
				"up": {"uv": [1, 3, 1.5, 6], "texture": "#0"},
				"down": {"uv": [1, 6, 1.5, 3], "texture": "#0"}
			}
		},
		{
			"name": "wooden_hoe11_11",
			"from": [10, 0, 3],
			"to": [10.5, 0.5, 11.5],
			"faces": {
				"north": {"uv": [10.5, 3, 10, 3.5], "texture": "#0"},
				"east": {"uv": [10, 3, 10.5, 11.5], "rotation": 90, "texture": "#0"},
				"south": {"uv": [10, 11, 10.5, 11.5], "texture": "#0"},
				"west": {"uv": [10, 3, 10.5, 11.5], "rotation": 270, "texture": "#0"},
				"up": {"uv": [10, 3, 10.5, 11.5], "texture": "#0"},
				"down": {"uv": [10, 11.5, 10.5, 3], "texture": "#0"}
			}
		},
		{
			"name": "wooden_hoe11_12",
			"from": [5.5, 0, 3.5],
			"to": [6, 0.5, 6.5],
			"faces": {
				"north": {"uv": [6, 3.5, 5.5, 4], "texture": "#0"},
				"east": {"uv": [5.5, 3.5, 6, 6.5], "rotation": 90, "texture": "#0"},
				"south": {"uv": [5.5, 6, 6, 6.5], "texture": "#0"},
				"west": {"uv": [5.5, 3.5, 6, 6.5], "rotation": 270, "texture": "#0"},
				"up": {"uv": [5.5, 3.5, 6, 6.5], "texture": "#0"},
				"down": {"uv": [5.5, 6.5, 6, 3.5], "texture": "#0"}
			}
		},
		{
			"name": "wooden_hoe11_13",
			"from": [8.5, 0, 3.5],
			"to": [10, 0.5, 11.5],
			"faces": {
				"north": {"uv": [10, 3.5, 8.5, 4], "texture": "#0"},
				"east": {"uv": [9.5, 3.5, 10, 11.5], "rotation": 90, "texture": "#0"},
				"south": {"uv": [8.5, 11, 10, 11.5], "texture": "#0"},
				"west": {"uv": [8.5, 3.5, 9, 11.5], "rotation": 270, "texture": "#0"},
				"up": {"uv": [8.5, 3.5, 10, 11.5], "texture": "#0"},
				"down": {"uv": [8.5, 11.5, 10, 3.5], "texture": "#0"}
			}
		},
		{
			"name": "wooden_hoe11_14",
			"from": [10.5, 0, 3.5],
			"to": [11, 0.5, 11.5],
			"faces": {
				"north": {"uv": [11, 3.5, 10.5, 4], "texture": "#0"},
				"east": {"uv": [10.5, 3.5, 11, 11.5], "rotation": 90, "texture": "#0"},
				"south": {"uv": [10.5, 11, 11, 11.5], "texture": "#0"},
				"west": {"uv": [10.5, 3.5, 11, 11.5], "rotation": 270, "texture": "#0"},
				"up": {"uv": [10.5, 3.5, 11, 11.5], "texture": "#0"},
				"down": {"uv": [10.5, 11.5, 11, 3.5], "texture": "#0"}
			}
		},
		{
			"name": "wooden_hoe11_15",
			"from": [6, 0, 4],
			"to": [6.5, 0.5, 11],
			"faces": {
				"north": {"uv": [6.5, 4, 6, 4.5], "texture": "#0"},
				"east": {"uv": [6, 4, 6.5, 11], "rotation": 90, "texture": "#0"},
				"south": {"uv": [6, 10.5, 6.5, 11], "texture": "#0"},
				"west": {"uv": [6, 4, 6.5, 11], "rotation": 270, "texture": "#0"},
				"up": {"uv": [6, 4, 6.5, 11], "texture": "#0"},
				"down": {"uv": [6, 11, 6.5, 4], "texture": "#0"}
			}
		},
		{
			"name": "wooden_hoe11_16",
			"from": [8, 0, 4],
			"to": [8.5, 0.5, 5],
			"faces": {
				"north": {"uv": [8.5, 4, 8, 4.5], "texture": "#0"},
				"east": {"uv": [8, 4, 8.5, 5], "rotation": 90, "texture": "#0"},
				"south": {"uv": [8, 4.5, 8.5, 5], "texture": "#0"},
				"west": {"uv": [8, 4, 8.5, 5], "rotation": 270, "texture": "#0"},
				"up": {"uv": [8, 4, 8.5, 5], "texture": "#0"},
				"down": {"uv": [8, 5, 8.5, 4], "texture": "#0"}
			}
		},
		{
			"name": "wooden_hoe11_17",
			"from": [11, 0, 4],
			"to": [11.5, 0.5, 7],
			"faces": {
				"north": {"uv": [11.5, 4, 11, 4.5], "texture": "#0"},
				"east": {"uv": [11, 4, 11.5, 7], "rotation": 90, "texture": "#0"},
				"south": {"uv": [11, 6.5, 11.5, 7], "texture": "#0"},
				"west": {"uv": [11, 4, 11.5, 7], "rotation": 270, "texture": "#0"},
				"up": {"uv": [11, 4, 11.5, 7], "texture": "#0"},
				"down": {"uv": [11, 7, 11.5, 4], "texture": "#0"}
			}
		},
		{
			"name": "wooden_hoe11_18",
			"from": [6.5, 0, 4.5],
			"to": [7, 0.5, 10.5],
			"faces": {
				"north": {"uv": [7, 4.5, 6.5, 5], "texture": "#0"},
				"east": {"uv": [6.5, 4.5, 7, 10.5], "rotation": 90, "texture": "#0"},
				"south": {"uv": [6.5, 10, 7, 10.5], "texture": "#0"},
				"west": {"uv": [6.5, 4.5, 7, 10.5], "rotation": 270, "texture": "#0"},
				"up": {"uv": [6.5, 4.5, 7, 10.5], "texture": "#0"},
				"down": {"uv": [6.5, 10.5, 7, 4.5], "texture": "#0"}
			}
		},
		{
			"name": "wooden_hoe11_19",
			"from": [11.5, 0, 4.5],
			"to": [12, 0.5, 6.5],
			"faces": {
				"north": {"uv": [12, 4.5, 11.5, 5], "texture": "#0"},
				"east": {"uv": [11.5, 4.5, 12, 6.5], "rotation": 90, "texture": "#0"},
				"south": {"uv": [11.5, 6, 12, 6.5], "texture": "#0"},
				"west": {"uv": [11.5, 4.5, 12, 6.5], "rotation": 270, "texture": "#0"},
				"up": {"uv": [11.5, 4.5, 12, 6.5], "texture": "#0"},
				"down": {"uv": [11.5, 6.5, 12, 4.5], "texture": "#0"}
			}
		},
		{
			"name": "wooden_hoe11_20",
			"from": [0.5, 0, 5],
			"to": [1, 0.5, 6],
			"faces": {
				"north": {"uv": [1, 5, 0.5, 5.5], "texture": "#0"},
				"east": {"uv": [0.5, 5, 1, 6], "rotation": 90, "texture": "#0"},
				"south": {"uv": [0.5, 5.5, 1, 6], "texture": "#0"},
				"west": {"uv": [0.5, 5, 1, 6], "rotation": 270, "texture": "#0"},
				"up": {"uv": [0.5, 5, 1, 6], "texture": "#0"},
				"down": {"uv": [0.5, 6, 1, 5], "texture": "#0"}
			}
		},
		{
			"name": "wooden_hoe11_21",
			"from": [2.5, 0, 5],
			"to": [3, 0.5, 7],
			"faces": {
				"north": {"uv": [3, 5, 2.5, 5.5], "texture": "#0"},
				"east": {"uv": [2.5, 5, 3, 7], "rotation": 90, "texture": "#0"},
				"south": {"uv": [2.5, 6.5, 3, 7], "texture": "#0"},
				"west": {"uv": [2.5, 5, 3, 7], "rotation": 270, "texture": "#0"},
				"up": {"uv": [2.5, 5, 3, 7], "texture": "#0"},
				"down": {"uv": [2.5, 7, 3, 5], "texture": "#0"}
			}
		},
		{
			"name": "wooden_hoe11_22",
			"from": [7, 0, 5],
			"to": [7.5, 0.5, 10],
			"faces": {
				"north": {"uv": [7.5, 5, 7, 5.5], "texture": "#0"},
				"east": {"uv": [7, 5, 7.5, 10], "rotation": 90, "texture": "#0"},
				"south": {"uv": [7, 9.5, 7.5, 10], "texture": "#0"},
				"west": {"uv": [7, 5, 7.5, 10], "rotation": 270, "texture": "#0"},
				"up": {"uv": [7, 5, 7.5, 10], "texture": "#0"},
				"down": {"uv": [7, 10, 7.5, 5], "texture": "#0"}
			}
		},
		{
			"name": "wooden_hoe11_23",
			"from": [12, 0, 5],
			"to": [12.5, 0.5, 5.5],
			"faces": {
				"north": {"uv": [12.5, 5, 12, 5.5], "texture": "#0"},
				"east": {"uv": [12, 5, 12.5, 5.5], "rotation": 90, "texture": "#0"},
				"south": {"uv": [12, 5, 12.5, 5.5], "texture": "#0"},
				"west": {"uv": [12, 5, 12.5, 5.5], "rotation": 270, "texture": "#0"},
				"up": {"uv": [12, 5, 12.5, 5.5], "texture": "#0"},
				"down": {"uv": [12, 5.5, 12.5, 5], "texture": "#0"}
			}
		},
		{
			"name": "wooden_hoe11_24",
			"from": [2, 0, 5.5],
			"to": [2.5, 0.5, 6],
			"faces": {
				"north": {"uv": [2.5, 5.5, 2, 6], "texture": "#0"},
				"east": {"uv": [2, 5.5, 2.5, 6], "rotation": 90, "texture": "#0"},
				"south": {"uv": [2, 5.5, 2.5, 6], "texture": "#0"},
				"west": {"uv": [2, 5.5, 2.5, 6], "rotation": 270, "texture": "#0"},
				"up": {"uv": [2, 5.5, 2.5, 6], "texture": "#0"},
				"down": {"uv": [2, 6, 2.5, 5.5], "texture": "#0"}
			}
		},
		{
			"name": "wooden_hoe11_25",
			"from": [7.5, 0, 5.5],
			"to": [8.5, 0.5, 14.5],
			"faces": {
				"north": {"uv": [8.5, 5.5, 7.5, 6], "texture": "#0"},
				"east": {"uv": [8, 5.5, 8.5, 14.5], "rotation": 90, "texture": "#0"},
				"south": {"uv": [7.5, 14, 8.5, 14.5], "texture": "#0"},
				"west": {"uv": [7.5, 5.5, 8, 14.5], "rotation": 270, "texture": "#0"},
				"up": {"uv": [7.5, 5.5, 8.5, 14.5], "texture": "#0"},
				"down": {"uv": [7.5, 14.5, 8.5, 5.5], "texture": "#0"}
			}
		},
		{
			"name": "wooden_hoe11_26",
			"from": [5.5, 0, 8],
			"to": [6, 0.5, 11.5],
			"faces": {
				"north": {"uv": [6, 8, 5.5, 8.5], "texture": "#0"},
				"east": {"uv": [5.5, 8, 6, 11.5], "rotation": 90, "texture": "#0"},
				"south": {"uv": [5.5, 11, 6, 11.5], "texture": "#0"},
				"west": {"uv": [5.5, 8, 6, 11.5], "rotation": 270, "texture": "#0"},
				"up": {"uv": [5.5, 8, 6, 11.5], "texture": "#0"},
				"down": {"uv": [5.5, 11.5, 6, 8], "texture": "#0"}
			}
		},
		{
			"name": "wooden_hoe11_27",
			"from": [5, 0, 8.5],
			"to": [5.5, 0.5, 12],
			"faces": {
				"north": {"uv": [5.5, 8.5, 5, 9], "texture": "#0"},
				"east": {"uv": [5, 8.5, 5.5, 12], "rotation": 90, "texture": "#0"},
				"south": {"uv": [5, 11.5, 5.5, 12], "texture": "#0"},
				"west": {"uv": [5, 8.5, 5.5, 12], "rotation": 270, "texture": "#0"},
				"up": {"uv": [5, 8.5, 5.5, 12], "texture": "#0"},
				"down": {"uv": [5, 12, 5.5, 8.5], "texture": "#0"}
			}
		},
		{
			"name": "wooden_hoe11_28",
			"from": [11, 0, 8.5],
			"to": [11.5, 0.5, 14.5],
			"faces": {
				"north": {"uv": [11.5, 8.5, 11, 9], "texture": "#0"},
				"east": {"uv": [11, 8.5, 11.5, 14.5], "rotation": 90, "texture": "#0"},
				"south": {"uv": [11, 14, 11.5, 14.5], "texture": "#0"},
				"west": {"uv": [11, 8.5, 11.5, 14.5], "rotation": 270, "texture": "#0"},
				"up": {"uv": [11, 8.5, 11.5, 14.5], "texture": "#0"},
				"down": {"uv": [11, 14.5, 11.5, 8.5], "texture": "#0"}
			}
		},
		{
			"name": "wooden_hoe11_29",
			"from": [4.5, 0, 9],
			"to": [5, 0.5, 12],
			"faces": {
				"north": {"uv": [5, 9, 4.5, 9.5], "texture": "#0"},
				"east": {"uv": [4.5, 9, 5, 12], "rotation": 90, "texture": "#0"},
				"south": {"uv": [4.5, 11.5, 5, 12], "texture": "#0"},
				"west": {"uv": [4.5, 9, 5, 12], "rotation": 270, "texture": "#0"},
				"up": {"uv": [4.5, 9, 5, 12], "texture": "#0"},
				"down": {"uv": [4.5, 12, 5, 9], "texture": "#0"}
			}
		},
		{
			"name": "wooden_hoe11_30",
			"from": [3.5, 0, 9.5],
			"to": [4.5, 0.5, 11],
			"faces": {
				"north": {"uv": [4.5, 9.5, 3.5, 10], "texture": "#0"},
				"east": {"uv": [4, 9.5, 4.5, 11], "rotation": 90, "texture": "#0"},
				"south": {"uv": [3.5, 10.5, 4.5, 11], "texture": "#0"},
				"west": {"uv": [3.5, 9.5, 4, 11], "rotation": 270, "texture": "#0"},
				"up": {"uv": [3.5, 9.5, 4.5, 11], "texture": "#0"},
				"down": {"uv": [3.5, 11, 4.5, 9.5], "texture": "#0"}
			}
		},
		{
			"name": "wooden_hoe11_31",
			"from": [11.5, 0, 10],
			"to": [12, 0.5, 15.5],
			"faces": {
				"north": {"uv": [12, 10, 11.5, 10.5], "texture": "#0"},
				"east": {"uv": [11.5, 10, 12, 15.5], "rotation": 90, "texture": "#0"},
				"south": {"uv": [11.5, 15, 12, 15.5], "texture": "#0"},
				"west": {"uv": [11.5, 10, 12, 15.5], "rotation": 270, "texture": "#0"},
				"up": {"uv": [11.5, 10, 12, 15.5], "texture": "#0"},
				"down": {"uv": [11.5, 15.5, 12, 10], "texture": "#0"}
			}
		},
		{
			"name": "wooden_hoe11_32",
			"from": [7, 0, 10.5],
			"to": [7.5, 0.5, 11],
			"faces": {
				"north": {"uv": [7.5, 10.5, 7, 11], "texture": "#0"},
				"east": {"uv": [7, 10.5, 7.5, 11], "rotation": 90, "texture": "#0"},
				"south": {"uv": [7, 10.5, 7.5, 11], "texture": "#0"},
				"west": {"uv": [7, 10.5, 7.5, 11], "rotation": 270, "texture": "#0"},
				"up": {"uv": [7, 10.5, 7.5, 11], "texture": "#0"},
				"down": {"uv": [7, 11, 7.5, 10.5], "texture": "#0"}
			}
		},
		{
			"name": "wooden_hoe11_33",
			"from": [12, 0, 10.5],
			"to": [12.5, 0.5, 16],
			"faces": {
				"north": {"uv": [12.5, 10.5, 12, 11], "texture": "#0"},
				"east": {"uv": [12, 10.5, 12.5, 16], "rotation": 90, "texture": "#0"},
				"south": {"uv": [12, 15.5, 12.5, 16], "texture": "#0"},
				"west": {"uv": [12, 10.5, 12.5, 16], "rotation": 270, "texture": "#0"},
				"up": {"uv": [12, 10.5, 12.5, 16], "texture": "#0"},
				"down": {"uv": [12, 16, 12.5, 10.5], "texture": "#0"}
			}
		},
		{
			"name": "wooden_hoe11_34",
			"from": [4, 0, 11],
			"to": [4.5, 0.5, 12],
			"faces": {
				"north": {"uv": [4.5, 11, 4, 11.5], "texture": "#0"},
				"east": {"uv": [4, 11, 4.5, 12], "rotation": 90, "texture": "#0"},
				"south": {"uv": [4, 11.5, 4.5, 12], "texture": "#0"},
				"west": {"uv": [4, 11, 4.5, 12], "rotation": 270, "texture": "#0"},
				"up": {"uv": [4, 11, 4.5, 12], "texture": "#0"},
				"down": {"uv": [4, 12, 4.5, 11], "texture": "#0"}
			}
		},
		{
			"name": "wooden_hoe11_35",
			"from": [12.5, 0, 11],
			"to": [13, 0.5, 16],
			"faces": {
				"north": {"uv": [13, 11, 12.5, 11.5], "texture": "#0"},
				"east": {"uv": [12.5, 11, 13, 16], "rotation": 90, "texture": "#0"},
				"south": {"uv": [12.5, 15.5, 13, 16], "texture": "#0"},
				"west": {"uv": [12.5, 11, 13, 16], "rotation": 270, "texture": "#0"},
				"up": {"uv": [12.5, 11, 13, 16], "texture": "#0"},
				"down": {"uv": [12.5, 16, 13, 11], "texture": "#0"}
			}
		},
		{
			"name": "wooden_hoe11_36",
			"from": [8.5, 0, 11.5],
			"to": [9.5, 0.5, 13.5],
			"faces": {
				"north": {"uv": [9.5, 11.5, 8.5, 12], "texture": "#0"},
				"east": {"uv": [9, 11.5, 9.5, 13.5], "rotation": 90, "texture": "#0"},
				"south": {"uv": [8.5, 13, 9.5, 13.5], "texture": "#0"},
				"west": {"uv": [8.5, 11.5, 9, 13.5], "rotation": 270, "texture": "#0"},
				"up": {"uv": [8.5, 11.5, 9.5, 13.5], "texture": "#0"},
				"down": {"uv": [8.5, 13.5, 9.5, 11.5], "texture": "#0"}
			}
		},
		{
			"name": "wooden_hoe11_37",
			"from": [13, 0, 11.5],
			"to": [13.5, 0.5, 16],
			"faces": {
				"north": {"uv": [13.5, 11.5, 13, 12], "texture": "#0"},
				"east": {"uv": [13, 11.5, 13.5, 16], "rotation": 90, "texture": "#0"},
				"south": {"uv": [13, 15.5, 13.5, 16], "texture": "#0"},
				"west": {"uv": [13, 11.5, 13.5, 16], "rotation": 270, "texture": "#0"},
				"up": {"uv": [13, 11.5, 13.5, 16], "texture": "#0"},
				"down": {"uv": [13, 16, 13.5, 11.5], "texture": "#0"}
			}
		},
		{
			"name": "wooden_hoe11_38",
			"from": [13.5, 0, 12],
			"to": [14, 0.5, 15.5],
			"faces": {
				"north": {"uv": [14, 12, 13.5, 12.5], "texture": "#0"},
				"east": {"uv": [13.5, 12, 14, 15.5], "rotation": 90, "texture": "#0"},
				"south": {"uv": [13.5, 15, 14, 15.5], "texture": "#0"},
				"west": {"uv": [13.5, 12, 14, 15.5], "rotation": 270, "texture": "#0"},
				"up": {"uv": [13.5, 12, 14, 15.5], "texture": "#0"},
				"down": {"uv": [13.5, 15.5, 14, 12], "texture": "#0"}
			}
		},
		{
			"name": "wooden_hoe11_39",
			"from": [7, 0, 12.5],
			"to": [7.5, 0.5, 14],
			"faces": {
				"north": {"uv": [7.5, 12.5, 7, 13], "texture": "#0"},
				"east": {"uv": [7, 12.5, 7.5, 14], "rotation": 90, "texture": "#0"},
				"south": {"uv": [7, 13.5, 7.5, 14], "texture": "#0"},
				"west": {"uv": [7, 12.5, 7.5, 14], "rotation": 270, "texture": "#0"},
				"up": {"uv": [7, 12.5, 7.5, 14], "texture": "#0"},
				"down": {"uv": [7, 14, 7.5, 12.5], "texture": "#0"}
			}
		},
		{
			"name": "wooden_hoe11_40",
			"from": [14, 0, 12.5],
			"to": [14.5, 0.5, 15],
			"faces": {
				"north": {"uv": [14.5, 12.5, 14, 13], "texture": "#0"},
				"east": {"uv": [14, 12.5, 14.5, 15], "rotation": 90, "texture": "#0"},
				"south": {"uv": [14, 14.5, 14.5, 15], "texture": "#0"},
				"west": {"uv": [14, 12.5, 14.5, 15], "rotation": 270, "texture": "#0"},
				"up": {"uv": [14, 12.5, 14.5, 15], "texture": "#0"},
				"down": {"uv": [14, 15, 14.5, 12.5], "texture": "#0"}
			}
		},
		{
			"name": "wooden_hoe11_41",
			"from": [14.5, 0, 13],
			"to": [15, 0.5, 14.5],
			"faces": {
				"north": {"uv": [15, 13, 14.5, 13.5], "texture": "#0"},
				"east": {"uv": [14.5, 13, 15, 14.5], "rotation": 90, "texture": "#0"},
				"south": {"uv": [14.5, 14, 15, 14.5], "texture": "#0"},
				"west": {"uv": [14.5, 13, 15, 14.5], "rotation": 270, "texture": "#0"},
				"up": {"uv": [14.5, 13, 15, 14.5], "texture": "#0"},
				"down": {"uv": [14.5, 14.5, 15, 13], "texture": "#0"}
			}
		},
		{
			"name": "wooden_hoe11_42",
			"from": [8.5, 0, 13.5],
			"to": [9, 0.5, 14.5],
			"faces": {
				"north": {"uv": [9, 13.5, 8.5, 14], "texture": "#0"},
				"east": {"uv": [8.5, 13.5, 9, 14.5], "rotation": 90, "texture": "#0"},
				"south": {"uv": [8.5, 14, 9, 14.5], "texture": "#0"},
				"west": {"uv": [8.5, 13.5, 9, 14.5], "rotation": 270, "texture": "#0"},
				"up": {"uv": [8.5, 13.5, 9, 14.5], "texture": "#0"},
				"down": {"uv": [8.5, 14.5, 9, 13.5], "texture": "#0"}
			}
		}
	],
	"display": {
		"thirdperson_righthand": {
			"rotation": [60, 0, 90],
			"translation": [-5.75, 1.75, 0],
			"scale": [0.8, 0.8, 0.8]
		},
		"thirdperson_lefthand": {
			"rotation": [60, 0, -90],
			"translation": [5.75, 1.75, 0],
			"scale": [0.8, 0.8, 0.8]
		},
		"firstperson_righthand": {
			"rotation": [55, 9, 90],
			"translation": [0, -1.5, -6.25]
		},
		"firstperson_lefthand": {
			"rotation": [55, 0, -90],
			"translation": [15, 0.5, -6.25]
		},
		"ground": {
			"translation": [0, 4, 0]
		},
		"gui": {
			"rotation": [90, 0, 0]
		},
		"fixed": {
			"rotation": [90, 0, 0],
			"translation": [0, 0, 7.25]
		}
	},
	"groups": [
		{
			"name": "wooden_hoe11",
			"origin": [8, 8, 8],
			"children": [0, 1, 2, 3, 4, 5, 6, 7, 8, 9, 10, 11, 12, 13, 14, 15, 16, 17, 18, 19, 20, 21, 22, 23, 24, 25, 26, 27, 28, 29, 30, 31, 32, 33, 34, 35, 36, 37, 38, 39, 40, 41, 42]
		}
	]
}