{
	"credit": "Made with Blockbench",
	"textures": {
		"0": "items/wooden_hoe6",
		"particle": "items/wooden_hoe6"
	},
	"elements": [
		{
			"name": "wooden_hoe6_0",
			"from": [5.5, 0, 0],
			"to": [6, 0.5, 7],
			"faces": {
				"north": {"uv": [6, 0, 5.5, 0.5], "texture": "#0"},
				"east": {"uv": [5.5, 0, 6, 7], "rotation": 90, "texture": "#0"},
				"south": {"uv": [5.5, 6.5, 6, 7], "texture": "#0"},
				"west": {"uv": [5.5, 0, 6, 7], "rotation": 270, "texture": "#0"},
				"up": {"uv": [5.5, 0, 6, 7], "texture": "#0"},
				"down": {"uv": [5.5, 7, 6, 0], "texture": "#0"}
			}
		},
		{
			"name": "wooden_hoe6_1",
			"from": [4.5, 0, 0.5],
			"to": [5.5, 0.5, 6],
			"faces": {
				"north": {"uv": [5.5, 0.5, 4.5, 1], "texture": "#0"},
				"east": {"uv": [5, 0.5, 5.5, 6], "rotation": 90, "texture": "#0"},
				"south": {"uv": [4.5, 5.5, 5.5, 6], "texture": "#0"},
				"west": {"uv": [4.5, 0.5, 5, 6], "rotation": 270, "texture": "#0"},
				"up": {"uv": [4.5, 0.5, 5.5, 6], "texture": "#0"},
				"down": {"uv": [4.5, 6, 5.5, 0.5], "texture": "#0"}
			}
		},
		{
			"name": "wooden_hoe6_2",
			"from": [6, 0, 0.5],
			"to": [6.5, 0.5, 7.5],
			"faces": {
				"north": {"uv": [6.5, 0.5, 6, 1], "texture": "#0"},
				"east": {"uv": [6, 0.5, 6.5, 7.5], "rotation": 90, "texture": "#0"},
				"south": {"uv": [6, 7, 6.5, 7.5], "texture": "#0"},
				"west": {"uv": [6, 0.5, 6.5, 7.5], "rotation": 270, "texture": "#0"},
				"up": {"uv": [6, 0.5, 6.5, 7.5], "texture": "#0"},
				"down": {"uv": [6, 7.5, 6.5, 0.5], "texture": "#0"}
			}
		},
		{
			"name": "wooden_hoe6_3",
			"from": [1.5, 0, 1],
			"to": [3, 0.5, 3],
			"faces": {
				"north": {"uv": [3, 1, 1.5, 1.5], "texture": "#0"},
				"east": {"uv": [2.5, 1, 3, 3], "rotation": 90, "texture": "#0"},
				"south": {"uv": [1.5, 2.5, 3, 3], "texture": "#0"},
				"west": {"uv": [1.5, 1, 2, 3], "rotation": 270, "texture": "#0"},
				"up": {"uv": [1.5, 1, 3, 3], "texture": "#0"},
				"down": {"uv": [1.5, 3, 3, 1], "texture": "#0"}
			}
		},
		{
			"name": "wooden_hoe6_4",
			"from": [4, 0, 1],
			"to": [4.5, 0.5, 5.5],
			"faces": {
				"north": {"uv": [4.5, 1, 4, 1.5], "texture": "#0"},
				"east": {"uv": [4, 1, 4.5, 5.5], "rotation": 90, "texture": "#0"},
				"south": {"uv": [4, 5, 4.5, 5.5], "texture": "#0"},
				"west": {"uv": [4, 1, 4.5, 5.5], "rotation": 270, "texture": "#0"},
				"up": {"uv": [4, 1, 4.5, 5.5], "texture": "#0"},
				"down": {"uv": [4, 5.5, 4.5, 1], "texture": "#0"}
			}
		},
		{
			"name": "wooden_hoe6_5",
			"from": [3, 0, 1.5],
			"to": [3.5, 0.5, 4.5],
			"faces": {
				"north": {"uv": [3.5, 1.5, 3, 2], "texture": "#0"},
				"east": {"uv": [3, 1.5, 3.5, 4.5], "rotation": 90, "texture": "#0"},
				"south": {"uv": [3, 4, 3.5, 4.5], "texture": "#0"},
				"west": {"uv": [3, 1.5, 3.5, 4.5], "rotation": 270, "texture": "#0"},
				"up": {"uv": [3, 1.5, 3.5, 4.5], "texture": "#0"},
				"down": {"uv": [3, 4.5, 3.5, 1.5], "texture": "#0"}
			}
		},
		{
			"name": "wooden_hoe6_6",
			"from": [6.5, 0, 1.5],
			"to": [7, 0.5, 7.5],
			"faces": {
				"north": {"uv": [7, 1.5, 6.5, 2], "texture": "#0"},
				"east": {"uv": [6.5, 1.5, 7, 7.5], "rotation": 90, "texture": "#0"},
				"south": {"uv": [6.5, 7, 7, 7.5], "texture": "#0"},
				"west": {"uv": [6.5, 1.5, 7, 7.5], "rotation": 270, "texture": "#0"},
				"up": {"uv": [6.5, 1.5, 7, 7.5], "texture": "#0"},
				"down": {"uv": [6.5, 7.5, 7, 1.5], "texture": "#0"}
			}
		},
		{
			"name": "wooden_hoe6_7",
			"from": [3.5, 0, 2],
			"to": [4, 0.5, 5],
			"faces": {
				"north": {"uv": [4, 2, 3.5, 2.5], "texture": "#0"},
				"east": {"uv": [3.5, 2, 4, 5], "rotation": 90, "texture": "#0"},
				"south": {"uv": [3.5, 4.5, 4, 5], "texture": "#0"},
				"west": {"uv": [3.5, 2, 4, 5], "rotation": 270, "texture": "#0"},
				"up": {"uv": [3.5, 2, 4, 5], "texture": "#0"},
				"down": {"uv": [3.5, 5, 4, 2], "texture": "#0"}
			}
		},
		{
			"name": "wooden_hoe6_8",
			"from": [7, 0, 2],
			"to": [7.5, 0.5, 7.5],
			"faces": {
				"north": {"uv": [7.5, 2, 7, 2.5], "texture": "#0"},
				"east": {"uv": [7, 2, 7.5, 7.5], "rotation": 90, "texture": "#0"},
				"south": {"uv": [7, 7, 7.5, 7.5], "texture": "#0"},
				"west": {"uv": [7, 2, 7.5, 7.5], "rotation": 270, "texture": "#0"},
				"up": {"uv": [7, 2, 7.5, 7.5], "texture": "#0"},
				"down": {"uv": [7, 7.5, 7.5, 2], "texture": "#0"}
			}
		},
		{
			"name": "wooden_hoe6_9",
			"from": [7.5, 0, 2.5],
			"to": [8, 0.5, 7],
			"faces": {
				"north": {"uv": [8, 2.5, 7.5, 3], "texture": "#0"},
				"east": {"uv": [7.5, 2.5, 8, 7], "rotation": 90, "texture": "#0"},
				"south": {"uv": [7.5, 6.5, 8, 7], "texture": "#0"},
				"west": {"uv": [7.5, 2.5, 8, 7], "rotation": 270, "texture": "#0"},
				"up": {"uv": [7.5, 2.5, 8, 7], "texture": "#0"},
				"down": {"uv": [7.5, 7, 8, 2.5], "texture": "#0"}
			}
		},
		{
			"name": "wooden_hoe6_10",
			"from": [2, 0, 3],
			"to": [3, 0.5, 3.5],
			"faces": {
				"north": {"uv": [3, 3, 2, 3.5], "texture": "#0"},
				"east": {"uv": [2.5, 3, 3, 3.5], "rotation": 90, "texture": "#0"},
				"south": {"uv": [2, 3, 3, 3.5], "texture": "#0"},
				"west": {"uv": [2, 3, 2.5, 3.5], "rotation": 270, "texture": "#0"},
				"up": {"uv": [2, 3, 3, 3.5], "texture": "#0"},
				"down": {"uv": [2, 3.5, 3, 3], "texture": "#0"}
			}
		},
		{
			"name": "wooden_hoe6_11",
			"from": [8, 0, 3],
			"to": [8.5, 0.5, 6.5],
			"faces": {
				"north": {"uv": [8.5, 3, 8, 3.5], "texture": "#0"},
				"east": {"uv": [8, 3, 8.5, 6.5], "rotation": 90, "texture": "#0"},
				"south": {"uv": [8, 6, 8.5, 6.5], "texture": "#0"},
				"west": {"uv": [8, 3, 8.5, 6.5], "rotation": 270, "texture": "#0"},
				"up": {"uv": [8, 3, 8.5, 6.5], "texture": "#0"},
				"down": {"uv": [8, 6.5, 8.5, 3], "texture": "#0"}
			}
		},
		{
			"name": "wooden_hoe6_12",
			"from": [2.5, 0, 3.5],
			"to": [3, 0.5, 4],
			"faces": {
				"north": {"uv": [3, 3.5, 2.5, 4], "texture": "#0"},
				"east": {"uv": [2.5, 3.5, 3, 4], "rotation": 90, "texture": "#0"},
				"south": {"uv": [2.5, 3.5, 3, 4], "texture": "#0"},
				"west": {"uv": [2.5, 3.5, 3, 4], "rotation": 270, "texture": "#0"},
				"up": {"uv": [2.5, 3.5, 3, 4], "texture": "#0"},
				"down": {"uv": [2.5, 4, 3, 3.5], "texture": "#0"}
			}
		},
		{
			"name": "wooden_hoe6_13",
			"from": [8.5, 0, 3.5],
			"to": [9, 0.5, 9.5],
			"faces": {
				"north": {"uv": [9, 3.5, 8.5, 4], "texture": "#0"},
				"east": {"uv": [8.5, 3.5, 9, 9.5], "rotation": 90, "texture": "#0"},
				"south": {"uv": [8.5, 9, 9, 9.5], "texture": "#0"},
				"west": {"uv": [8.5, 3.5, 9, 9.5], "rotation": 270, "texture": "#0"},
				"up": {"uv": [8.5, 3.5, 9, 9.5], "texture": "#0"},
				"down": {"uv": [8.5, 9.5, 9, 3.5], "texture": "#0"}
			}
		},
		{
			"name": "wooden_hoe6_14",
			"from": [9, 0, 4],
			"to": [9.5, 0.5, 11],
			"faces": {
				"north": {"uv": [9.5, 4, 9, 4.5], "texture": "#0"},
				"east": {"uv": [9, 4, 9.5, 11], "rotation": 90, "texture": "#0"},
				"south": {"uv": [9, 10.5, 9.5, 11], "texture": "#0"},
				"west": {"uv": [9, 4, 9.5, 11], "rotation": 270, "texture": "#0"},
				"up": {"uv": [9, 4, 9.5, 11], "texture": "#0"},
				"down": {"uv": [9, 11, 9.5, 4], "texture": "#0"}
			}
		},
		{
			"name": "wooden_hoe6_15",
			"from": [9.5, 0, 4.5],
			"to": [10, 0.5, 10.5],
			"faces": {
				"north": {"uv": [10, 4.5, 9.5, 5], "texture": "#0"},
				"east": {"uv": [9.5, 4.5, 10, 10.5], "rotation": 90, "texture": "#0"},
				"south": {"uv": [9.5, 10, 10, 10.5], "texture": "#0"},
				"west": {"uv": [9.5, 4.5, 10, 10.5], "rotation": 270, "texture": "#0"},
				"up": {"uv": [9.5, 4.5, 10, 10.5], "texture": "#0"},
				"down": {"uv": [9.5, 10.5, 10, 4.5], "texture": "#0"}
			}
		},
		{
			"name": "wooden_hoe6_16",
			"from": [10, 0, 5],
			"to": [10.5, 0.5, 12],
			"faces": {
				"north": {"uv": [10.5, 5, 10, 5.5], "texture": "#0"},
				"east": {"uv": [10, 5, 10.5, 12], "rotation": 90, "texture": "#0"},
				"south": {"uv": [10, 11.5, 10.5, 12], "texture": "#0"},
				"west": {"uv": [10, 5, 10.5, 12], "rotation": 270, "texture": "#0"},
				"up": {"uv": [10, 5, 10.5, 12], "texture": "#0"},
				"down": {"uv": [10, 12, 10.5, 5], "texture": "#0"}
			}
		},
		{
			"name": "wooden_hoe6_17",
			"from": [10.5, 0, 5.5],
			"to": [11, 0.5, 16],
			"faces": {
				"north": {"uv": [11, 5.5, 10.5, 6], "texture": "#0"},
				"east": {"uv": [10.5, 5.5, 11, 16], "rotation": 90, "texture": "#0"},
				"south": {"uv": [10.5, 15.5, 11, 16], "texture": "#0"},
				"west": {"uv": [10.5, 5.5, 11, 16], "rotation": 270, "texture": "#0"},
				"up": {"uv": [10.5, 5.5, 11, 16], "texture": "#0"},
				"down": {"uv": [10.5, 16, 11, 5.5], "texture": "#0"}
			}
		},
		{
			"name": "wooden_hoe6_18",
			"from": [5, 0, 6],
			"to": [5.5, 0.5, 6.5],
			"faces": {
				"north": {"uv": [5.5, 6, 5, 6.5], "texture": "#0"},
				"east": {"uv": [5, 6, 5.5, 6.5], "rotation": 90, "texture": "#0"},
				"south": {"uv": [5, 6, 5.5, 6.5], "texture": "#0"},
				"west": {"uv": [5, 6, 5.5, 6.5], "rotation": 270, "texture": "#0"},
				"up": {"uv": [5, 6, 5.5, 6.5], "texture": "#0"},
				"down": {"uv": [5, 6.5, 5.5, 6], "texture": "#0"}
			}
		},
		{
			"name": "wooden_hoe6_19",
			"from": [11, 0, 6],
			"to": [11.5, 0.5, 16],
			"faces": {
				"north": {"uv": [11.5, 6, 11, 6.5], "texture": "#0"},
				"east": {"uv": [11, 6, 11.5, 16], "rotation": 90, "texture": "#0"},
				"south": {"uv": [11, 15.5, 11.5, 16], "texture": "#0"},
				"west": {"uv": [11, 6, 11.5, 16], "rotation": 270, "texture": "#0"},
				"up": {"uv": [11, 6, 11.5, 16], "texture": "#0"},
				"down": {"uv": [11, 16, 11.5, 6], "texture": "#0"}
			}
		},
		{
			"name": "wooden_hoe6_20",
			"from": [11.5, 0, 6.5],
			"to": [12, 0.5, 15.5],
			"faces": {
				"north": {"uv": [12, 6.5, 11.5, 7], "texture": "#0"},
				"east": {"uv": [11.5, 6.5, 12, 15.5], "rotation": 90, "texture": "#0"},
				"south": {"uv": [11.5, 15, 12, 15.5], "texture": "#0"},
				"west": {"uv": [11.5, 6.5, 12, 15.5], "rotation": 270, "texture": "#0"},
				"up": {"uv": [11.5, 6.5, 12, 15.5], "texture": "#0"},
				"down": {"uv": [11.5, 15.5, 12, 6.5], "texture": "#0"}
			}
		},
		{
			"name": "wooden_hoe6_21",
			"from": [8, 0, 7],
			"to": [8.5, 0.5, 8.5],
			"faces": {
				"north": {"uv": [8.5, 7, 8, 7.5], "texture": "#0"},
				"east": {"uv": [8, 7, 8.5, 8.5], "rotation": 90, "texture": "#0"},
				"south": {"uv": [8, 8, 8.5, 8.5], "texture": "#0"},
				"west": {"uv": [8, 7, 8.5, 8.5], "rotation": 270, "texture": "#0"},
				"up": {"uv": [8, 7, 8.5, 8.5], "texture": "#0"},
				"down": {"uv": [8, 8.5, 8.5, 7], "texture": "#0"}
			}
		},
		{
			"name": "wooden_hoe6_22",
			"from": [12, 0, 7],
			"to": [12.5, 0.5, 15],
			"faces": {
				"north": {"uv": [12.5, 7, 12, 7.5], "texture": "#0"},
				"east": {"uv": [12, 7, 12.5, 15], "rotation": 90, "texture": "#0"},
				"south": {"uv": [12, 14.5, 12.5, 15], "texture": "#0"},
				"west": {"uv": [12, 7, 12.5, 15], "rotation": 270, "texture": "#0"},
				"up": {"uv": [12, 7, 12.5, 15], "texture": "#0"},
				"down": {"uv": [12, 15, 12.5, 7], "texture": "#0"}
			}
		},
		{
			"name": "wooden_hoe6_23",
			"from": [12.5, 0, 7.5],
			"to": [13, 0.5, 14],
			"faces": {
				"north": {"uv": [13, 7.5, 12.5, 8], "texture": "#0"},
				"east": {"uv": [12.5, 7.5, 13, 14], "rotation": 90, "texture": "#0"},
				"south": {"uv": [12.5, 13.5, 13, 14], "texture": "#0"},
				"west": {"uv": [12.5, 7.5, 13, 14], "rotation": 270, "texture": "#0"},
				"up": {"uv": [12.5, 7.5, 13, 14], "texture": "#0"},
				"down": {"uv": [12.5, 14, 13, 7.5], "texture": "#0"}
			}
		},
		{
			"name": "wooden_hoe6_24",
			"from": [13, 0, 8],
			"to": [13.5, 0.5, 11.5],
			"faces": {
				"north": {"uv": [13.5, 8, 13, 8.5], "texture": "#0"},
				"east": {"uv": [13, 8, 13.5, 11.5], "rotation": 90, "texture": "#0"},
				"south": {"uv": [13, 11, 13.5, 11.5], "texture": "#0"},
				"west": {"uv": [13, 8, 13.5, 11.5], "rotation": 270, "texture": "#0"},
				"up": {"uv": [13, 8, 13.5, 11.5], "texture": "#0"},
				"down": {"uv": [13, 11.5, 13.5, 8], "texture": "#0"}
			}
		},
		{
			"name": "wooden_hoe6_25",
			"from": [13.5, 0, 8.5],
			"to": [14, 0.5, 10.5],
			"faces": {
				"north": {"uv": [14, 8.5, 13.5, 9], "texture": "#0"},
				"east": {"uv": [13.5, 8.5, 14, 10.5], "rotation": 90, "texture": "#0"},
				"south": {"uv": [13.5, 10, 14, 10.5], "texture": "#0"},
				"west": {"uv": [13.5, 8.5, 14, 10.5], "rotation": 270, "texture": "#0"},
				"up": {"uv": [13.5, 8.5, 14, 10.5], "texture": "#0"},
				"down": {"uv": [13.5, 10.5, 14, 8.5], "texture": "#0"}
			}
		},
		{
			"name": "wooden_hoe6_26",
			"from": [8, 0, 9.5],
			"to": [8.5, 0.5, 11],
			"faces": {
				"north": {"uv": [8.5, 9.5, 8, 10], "texture": "#0"},
				"east": {"uv": [8, 9.5, 8.5, 11], "rotation": 90, "texture": "#0"},
				"south": {"uv": [8, 10.5, 8.5, 11], "texture": "#0"},
				"west": {"uv": [8, 9.5, 8.5, 11], "rotation": 270, "texture": "#0"},
				"up": {"uv": [8, 9.5, 8.5, 11], "texture": "#0"},
				"down": {"uv": [8, 11, 8.5, 9.5], "texture": "#0"}
			}
		},
		{
			"name": "wooden_hoe6_27",
			"from": [14, 0, 9.5],
			"to": [15, 0.5, 10.5],
			"faces": {
				"north": {"uv": [15, 9.5, 14, 10], "texture": "#0"},
				"east": {"uv": [14.5, 9.5, 15, 10.5], "rotation": 90, "texture": "#0"},
				"south": {"uv": [14, 10, 15, 10.5], "texture": "#0"},
				"west": {"uv": [14, 9.5, 14.5, 10.5], "rotation": 270, "texture": "#0"},
				"up": {"uv": [14, 9.5, 15, 10.5], "texture": "#0"},
				"down": {"uv": [14, 10.5, 15, 9.5], "texture": "#0"}
			}
		},
		{
			"name": "wooden_hoe6_28",
			"from": [8.5, 0, 10.5],
			"to": [9, 0.5, 11.5],
			"faces": {
				"north": {"uv": [9, 10.5, 8.5, 11], "texture": "#0"},
				"east": {"uv": [8.5, 10.5, 9, 11.5], "rotation": 90, "texture": "#0"},
				"south": {"uv": [8.5, 11, 9, 11.5], "texture": "#0"},
				"west": {"uv": [8.5, 10.5, 9, 11.5], "rotation": 270, "texture": "#0"},
				"up": {"uv": [8.5, 10.5, 9, 11.5], "texture": "#0"},
				"down": {"uv": [8.5, 11.5, 9, 10.5], "texture": "#0"}
			}
		},
		{
			"name": "wooden_hoe6_29",
			"from": [14, 0, 10.5],
			"to": [14.5, 0.5, 11],
			"faces": {
				"north": {"uv": [14.5, 10.5, 14, 11], "texture": "#0"},
				"east": {"uv": [14, 10.5, 14.5, 11], "rotation": 90, "texture": "#0"},
				"south": {"uv": [14, 10.5, 14.5, 11], "texture": "#0"},
				"west": {"uv": [14, 10.5, 14.5, 11], "rotation": 270, "texture": "#0"},
				"up": {"uv": [14, 10.5, 14.5, 11], "texture": "#0"},
				"down": {"uv": [14, 11, 14.5, 10.5], "texture": "#0"}
			}
		},
		{
			"name": "wooden_hoe6_30",
			"from": [9, 0, 11.5],
			"to": [10, 0.5, 12],
			"faces": {
				"north": {"uv": [10, 11.5, 9, 12], "texture": "#0"},
				"east": {"uv": [9.5, 11.5, 10, 12], "rotation": 90, "texture": "#0"},
				"south": {"uv": [9, 11.5, 10, 12], "texture": "#0"},
				"west": {"uv": [9, 11.5, 9.5, 12], "rotation": 270, "texture": "#0"},
				"up": {"uv": [9, 11.5, 10, 12], "texture": "#0"},
				"down": {"uv": [9, 12, 10, 11.5], "texture": "#0"}
			}
		},
		{
			"name": "wooden_hoe6_31",
			"from": [10, 0, 12.5],
			"to": [10.5, 0.5, 16],
			"faces": {
				"north": {"uv": [10.5, 12.5, 10, 13], "texture": "#0"},
				"east": {"uv": [10, 12.5, 10.5, 16], "rotation": 90, "texture": "#0"},
				"south": {"uv": [10, 15.5, 10.5, 16], "texture": "#0"},
				"west": {"uv": [10, 12.5, 10.5, 16], "rotation": 270, "texture": "#0"},
				"up": {"uv": [10, 12.5, 10.5, 16], "texture": "#0"},
				"down": {"uv": [10, 16, 10.5, 12.5], "texture": "#0"}
			}
		},
		{
			"name": "wooden_hoe6_32",
			"from": [9.5, 0, 13.5],
			"to": [10, 0.5, 16],
			"faces": {
				"north": {"uv": [10, 13.5, 9.5, 14], "texture": "#0"},
				"east": {"uv": [9.5, 13.5, 10, 16], "rotation": 90, "texture": "#0"},
				"south": {"uv": [9.5, 15.5, 10, 16], "texture": "#0"},
				"west": {"uv": [9.5, 13.5, 10, 16], "rotation": 270, "texture": "#0"},
				"up": {"uv": [9.5, 13.5, 10, 16], "texture": "#0"},
				"down": {"uv": [9.5, 16, 10, 13.5], "texture": "#0"}
			}
		},
		{
			"name": "wooden_hoe6_33",
			"from": [9, 0, 14],
			"to": [9.5, 0.5, 15],
			"faces": {
				"north": {"uv": [9.5, 14, 9, 14.5], "texture": "#0"},
				"east": {"uv": [9, 14, 9.5, 15], "rotation": 90, "texture": "#0"},
				"south": {"uv": [9, 14.5, 9.5, 15], "texture": "#0"},
				"west": {"uv": [9, 14, 9.5, 15], "rotation": 270, "texture": "#0"},
				"up": {"uv": [9, 14, 9.5, 15], "texture": "#0"},
				"down": {"uv": [9, 15, 9.5, 14], "texture": "#0"}
			}
		}
	],
	"display": {
		"thirdperson_righthand": {
			"rotation": [75, 0, 90],
			"translation": [-5.25, 2.75, -1.75],
			"scale": [0.68, 0.68, 0.68]
		},
		"thirdperson_lefthand": {
			"rotation": [75, 0, -90],
			"translation": [5.25, 2.75, -1.75],
			"scale": [0.68, 0.68, 0.68]
		},
		"firstperson_righthand": {
			"rotation": [55, 9, 90],
			"translation": [0, -1.5, -7.75]
		},
		"firstperson_lefthand": {
			"rotation": [55, 0, -90],
			"translation": [15, 0.5, -7.75]
		},
		"ground": {
			"translation": [0, 1.5, 0],
			"scale": [0.68, 0.68, 0.68]
		},
		"gui": {
			"rotation": [90, 0, 0]
		},
		"fixed": {
			"rotation": [90, 0, 0],
			"translation": [0, 0, 7.25]
		}
	},
	"groups": [
		{
			"name": "wooden_hoe6",
			"origin": [8, 8, 8],
			"children": [0, 1, 2, 3, 4, 5, 6, 7, 8, 9, 10, 11, 12, 13, 14, 15, 16, 17, 18, 19, 20, 21, 22, 23, 24, 25, 26, 27, 28, 29, 30, 31, 32, 33]
		}
	]
}