{
	"credit": "Made with Blockbench",
	"textures": {
		"0": "items/wooden_hoe12",
		"particle": "items/wooden_hoe12"
	},
	"elements": [
		{
			"name": "wooden_hoe12_0",
			"from": [0.5, 0, 0],
			"to": [1.5, 0.5, 2],
			"faces": {
				"north": {"uv": [1.5, 0, 0.5, 0.5], "texture": "#0"},
				"east": {"uv": [1, 0, 1.5, 2], "rotation": 90, "texture": "#0"},
				"south": {"uv": [0.5, 1.5, 1.5, 2], "texture": "#0"},
				"west": {"uv": [0.5, 0, 1, 2], "rotation": 270, "texture": "#0"},
				"up": {"uv": [0.5, 0, 1.5, 2], "texture": "#0"},
				"down": {"uv": [0.5, 2, 1.5, 0], "texture": "#0"}
			}
		},
		{
			"name": "wooden_hoe12_1",
			"from": [0, 0, 0.5],
			"to": [0.5, 0.5, 1.5],
			"faces": {
				"north": {"uv": [0.5, 0.5, 0, 1], "texture": "#0"},
				"east": {"uv": [0, 0.5, 0.5, 1.5], "rotation": 90, "texture": "#0"},
				"south": {"uv": [0, 1, 0.5, 1.5], "texture": "#0"},
				"west": {"uv": [0, 0.5, 0.5, 1.5], "rotation": 270, "texture": "#0"},
				"up": {"uv": [0, 0.5, 0.5, 1.5], "texture": "#0"},
				"down": {"uv": [0, 1.5, 0.5, 0.5], "texture": "#0"}
			}
		},
		{
			"name": "wooden_hoe12_2",
			"from": [1.5, 0, 0.5],
			"to": [2, 0.5, 3],
			"faces": {
				"north": {"uv": [2, 0.5, 1.5, 1], "texture": "#0"},
				"east": {"uv": [1.5, 0.5, 2, 3], "rotation": 90, "texture": "#0"},
				"south": {"uv": [1.5, 2.5, 2, 3], "texture": "#0"},
				"west": {"uv": [1.5, 0.5, 2, 3], "rotation": 270, "texture": "#0"},
				"up": {"uv": [1.5, 0.5, 2, 3], "texture": "#0"},
				"down": {"uv": [1.5, 3, 2, 0.5], "texture": "#0"}
			}
		},
		{
			"name": "wooden_hoe12_3",
			"from": [2, 0, 1],
			"to": [2.5, 0.5, 3],
			"faces": {
				"north": {"uv": [2.5, 1, 2, 1.5], "texture": "#0"},
				"east": {"uv": [2, 1, 2.5, 3], "rotation": 90, "texture": "#0"},
				"south": {"uv": [2, 2.5, 2.5, 3], "texture": "#0"},
				"west": {"uv": [2, 1, 2.5, 3], "rotation": 270, "texture": "#0"},
				"up": {"uv": [2, 1, 2.5, 3], "texture": "#0"},
				"down": {"uv": [2, 3, 2.5, 1], "texture": "#0"}
			}
		},
		{
			"name": "wooden_hoe12_4",
			"from": [2.5, 0, 1.5],
			"to": [3, 0.5, 5],
			"faces": {
				"north": {"uv": [3, 1.5, 2.5, 2], "texture": "#0"},
				"east": {"uv": [2.5, 1.5, 3, 5], "rotation": 90, "texture": "#0"},
				"south": {"uv": [2.5, 4.5, 3, 5], "texture": "#0"},
				"west": {"uv": [2.5, 1.5, 3, 5], "rotation": 270, "texture": "#0"},
				"up": {"uv": [2.5, 1.5, 3, 5], "texture": "#0"},
				"down": {"uv": [2.5, 5, 3, 1.5], "texture": "#0"}
			}
		},
		{
			"name": "wooden_hoe12_5",
			"from": [1, 0, 2],
			"to": [1.5, 0.5, 2.5],
			"faces": {
				"north": {"uv": [1.5, 2, 1, 2.5], "texture": "#0"},
				"east": {"uv": [1, 2, 1.5, 2.5], "rotation": 90, "texture": "#0"},
				"south": {"uv": [1, 2, 1.5, 2.5], "texture": "#0"},
				"west": {"uv": [1, 2, 1.5, 2.5], "rotation": 270, "texture": "#0"},
				"up": {"uv": [1, 2, 1.5, 2.5], "texture": "#0"},
				"down": {"uv": [1, 2.5, 1.5, 2], "texture": "#0"}
			}
		},
		{
			"name": "wooden_hoe12_6",
			"from": [3, 0, 2.5],
			"to": [3.5, 0.5, 6],
			"faces": {
				"north": {"uv": [3.5, 2.5, 3, 3], "texture": "#0"},
				"east": {"uv": [3, 2.5, 3.5, 6], "rotation": 90, "texture": "#0"},
				"south": {"uv": [3, 5.5, 3.5, 6], "texture": "#0"},
				"west": {"uv": [3, 2.5, 3.5, 6], "rotation": 270, "texture": "#0"},
				"up": {"uv": [3, 2.5, 3.5, 6], "texture": "#0"},
				"down": {"uv": [3, 6, 3.5, 2.5], "texture": "#0"}
			}
		},
		{
			"name": "wooden_hoe12_7",
			"from": [3.5, 0, 3],
			"to": [5, 0.5, 6.5],
			"faces": {
				"north": {"uv": [5, 3, 3.5, 3.5], "texture": "#0"},
				"east": {"uv": [4.5, 3, 5, 6.5], "rotation": 90, "texture": "#0"},
				"south": {"uv": [3.5, 6, 5, 6.5], "texture": "#0"},
				"west": {"uv": [3.5, 3, 4, 6.5], "rotation": 270, "texture": "#0"},
				"up": {"uv": [3.5, 3, 5, 6.5], "texture": "#0"},
				"down": {"uv": [3.5, 6.5, 5, 3], "texture": "#0"}
			}
		},
		{
			"name": "wooden_hoe12_8",
			"from": [2, 0, 3.5],
			"to": [2.5, 0.5, 4.5],
			"faces": {
				"north": {"uv": [2.5, 3.5, 2, 4], "texture": "#0"},
				"east": {"uv": [2, 3.5, 2.5, 4.5], "rotation": 90, "texture": "#0"},
				"south": {"uv": [2, 4, 2.5, 4.5], "texture": "#0"},
				"west": {"uv": [2, 3.5, 2.5, 4.5], "rotation": 270, "texture": "#0"},
				"up": {"uv": [2, 3.5, 2.5, 4.5], "texture": "#0"},
				"down": {"uv": [2, 4.5, 2.5, 3.5], "texture": "#0"}
			}
		},
		{
			"name": "wooden_hoe12_9",
			"from": [5, 0, 3.5],
			"to": [5.5, 0.5, 8],
			"faces": {
				"north": {"uv": [5.5, 3.5, 5, 4], "texture": "#0"},
				"east": {"uv": [5, 3.5, 5.5, 8], "rotation": 90, "texture": "#0"},
				"south": {"uv": [5, 7.5, 5.5, 8], "texture": "#0"},
				"west": {"uv": [5, 3.5, 5.5, 8], "rotation": 270, "texture": "#0"},
				"up": {"uv": [5, 3.5, 5.5, 8], "texture": "#0"},
				"down": {"uv": [5, 8, 5.5, 3.5], "texture": "#0"}
			}
		},
		{
			"name": "wooden_hoe12_10",
			"from": [5.5, 0, 4],
			"to": [6, 0.5, 8.5],
			"faces": {
				"north": {"uv": [6, 4, 5.5, 4.5], "texture": "#0"},
				"east": {"uv": [5.5, 4, 6, 8.5], "rotation": 90, "texture": "#0"},
				"south": {"uv": [5.5, 8, 6, 8.5], "texture": "#0"},
				"west": {"uv": [5.5, 4, 6, 8.5], "rotation": 270, "texture": "#0"},
				"up": {"uv": [5.5, 4, 6, 8.5], "texture": "#0"},
				"down": {"uv": [5.5, 8.5, 6, 4], "texture": "#0"}
			}
		},
		{
			"name": "wooden_hoe12_11",
			"from": [8, 0, 4],
			"to": [9.5, 0.5, 10],
			"faces": {
				"north": {"uv": [9.5, 4, 8, 4.5], "texture": "#0"},
				"east": {"uv": [9, 4, 9.5, 10], "rotation": 90, "texture": "#0"},
				"south": {"uv": [8, 9.5, 9.5, 10], "texture": "#0"},
				"west": {"uv": [8, 4, 8.5, 10], "rotation": 270, "texture": "#0"},
				"up": {"uv": [8, 4, 9.5, 10], "texture": "#0"},
				"down": {"uv": [8, 10, 9.5, 4], "texture": "#0"}
			}
		},
		{
			"name": "wooden_hoe12_12",
			"from": [6, 0, 4.5],
			"to": [6.5, 0.5, 9],
			"faces": {
				"north": {"uv": [6.5, 4.5, 6, 5], "texture": "#0"},
				"east": {"uv": [6, 4.5, 6.5, 9], "rotation": 90, "texture": "#0"},
				"south": {"uv": [6, 8.5, 6.5, 9], "texture": "#0"},
				"west": {"uv": [6, 4.5, 6.5, 9], "rotation": 270, "texture": "#0"},
				"up": {"uv": [6, 4.5, 6.5, 9], "texture": "#0"},
				"down": {"uv": [6, 9, 6.5, 4.5], "texture": "#0"}
			}
		},
		{
			"name": "wooden_hoe12_13",
			"from": [7.5, 0, 4.5],
			"to": [8, 0.5, 11],
			"faces": {
				"north": {"uv": [8, 4.5, 7.5, 5], "texture": "#0"},
				"east": {"uv": [7.5, 4.5, 8, 11], "rotation": 90, "texture": "#0"},
				"south": {"uv": [7.5, 10.5, 8, 11], "texture": "#0"},
				"west": {"uv": [7.5, 4.5, 8, 11], "rotation": 270, "texture": "#0"},
				"up": {"uv": [7.5, 4.5, 8, 11], "texture": "#0"},
				"down": {"uv": [7.5, 11, 8, 4.5], "texture": "#0"}
			}
		},
		{
			"name": "wooden_hoe12_14",
			"from": [9.5, 0, 4.5],
			"to": [10, 0.5, 14],
			"faces": {
				"north": {"uv": [10, 4.5, 9.5, 5], "texture": "#0"},
				"east": {"uv": [9.5, 4.5, 10, 14], "rotation": 90, "texture": "#0"},
				"south": {"uv": [9.5, 13.5, 10, 14], "texture": "#0"},
				"west": {"uv": [9.5, 4.5, 10, 14], "rotation": 270, "texture": "#0"},
				"up": {"uv": [9.5, 4.5, 10, 14], "texture": "#0"},
				"down": {"uv": [9.5, 14, 10, 4.5], "texture": "#0"}
			}
		},
		{
			"name": "wooden_hoe12_15",
			"from": [6.5, 0, 5],
			"to": [7, 0.5, 9.5],
			"faces": {
				"north": {"uv": [7, 5, 6.5, 5.5], "texture": "#0"},
				"east": {"uv": [6.5, 5, 7, 9.5], "rotation": 90, "texture": "#0"},
				"south": {"uv": [6.5, 9, 7, 9.5], "texture": "#0"},
				"west": {"uv": [6.5, 5, 7, 9.5], "rotation": 270, "texture": "#0"},
				"up": {"uv": [6.5, 5, 7, 9.5], "texture": "#0"},
				"down": {"uv": [6.5, 9.5, 7, 5], "texture": "#0"}
			}
		},
		{
			"name": "wooden_hoe12_16",
			"from": [10, 0, 5],
			"to": [10.5, 0.5, 12],
			"faces": {
				"north": {"uv": [10.5, 5, 10, 5.5], "texture": "#0"},
				"east": {"uv": [10, 5, 10.5, 12], "rotation": 90, "texture": "#0"},
				"south": {"uv": [10, 11.5, 10.5, 12], "texture": "#0"},
				"west": {"uv": [10, 5, 10.5, 12], "rotation": 270, "texture": "#0"},
				"up": {"uv": [10, 5, 10.5, 12], "texture": "#0"},
				"down": {"uv": [10, 12, 10.5, 5], "texture": "#0"}
			}
		},
		{
			"name": "wooden_hoe12_17",
			"from": [7, 0, 5.5],
			"to": [7.5, 0.5, 10],
			"faces": {
				"north": {"uv": [7.5, 5.5, 7, 6], "texture": "#0"},
				"east": {"uv": [7, 5.5, 7.5, 10], "rotation": 90, "texture": "#0"},
				"south": {"uv": [7, 9.5, 7.5, 10], "texture": "#0"},
				"west": {"uv": [7, 5.5, 7.5, 10], "rotation": 270, "texture": "#0"},
				"up": {"uv": [7, 5.5, 7.5, 10], "texture": "#0"},
				"down": {"uv": [7, 10, 7.5, 5.5], "texture": "#0"}
			}
		},
		{
			"name": "wooden_hoe12_18",
			"from": [10.5, 0, 5.5],
			"to": [11, 0.5, 12],
			"faces": {
				"north": {"uv": [11, 5.5, 10.5, 6], "texture": "#0"},
				"east": {"uv": [10.5, 5.5, 11, 12], "rotation": 90, "texture": "#0"},
				"south": {"uv": [10.5, 11.5, 11, 12], "texture": "#0"},
				"west": {"uv": [10.5, 5.5, 11, 12], "rotation": 270, "texture": "#0"},
				"up": {"uv": [10.5, 5.5, 11, 12], "texture": "#0"},
				"down": {"uv": [10.5, 12, 11, 5.5], "texture": "#0"}
			}
		},
		{
			"name": "wooden_hoe12_19",
			"from": [11, 0, 6],
			"to": [11.5, 0.5, 12],
			"faces": {
				"north": {"uv": [11.5, 6, 11, 6.5], "texture": "#0"},
				"east": {"uv": [11, 6, 11.5, 12], "rotation": 90, "texture": "#0"},
				"south": {"uv": [11, 11.5, 11.5, 12], "texture": "#0"},
				"west": {"uv": [11, 6, 11.5, 12], "rotation": 270, "texture": "#0"},
				"up": {"uv": [11, 6, 11.5, 12], "texture": "#0"},
				"down": {"uv": [11, 12, 11.5, 6], "texture": "#0"}
			}
		},
		{
			"name": "wooden_hoe12_20",
			"from": [4, 0, 6.5],
			"to": [5, 0.5, 7],
			"faces": {
				"north": {"uv": [5, 6.5, 4, 7], "texture": "#0"},
				"east": {"uv": [4.5, 6.5, 5, 7], "rotation": 90, "texture": "#0"},
				"south": {"uv": [4, 6.5, 5, 7], "texture": "#0"},
				"west": {"uv": [4, 6.5, 4.5, 7], "rotation": 270, "texture": "#0"},
				"up": {"uv": [4, 6.5, 5, 7], "texture": "#0"},
				"down": {"uv": [4, 7, 5, 6.5], "texture": "#0"}
			}
		},
		{
			"name": "wooden_hoe12_21",
			"from": [11.5, 0, 6.5],
			"to": [12, 0.5, 15.5],
			"faces": {
				"north": {"uv": [12, 6.5, 11.5, 7], "texture": "#0"},
				"east": {"uv": [11.5, 6.5, 12, 15.5], "rotation": 90, "texture": "#0"},
				"south": {"uv": [11.5, 15, 12, 15.5], "texture": "#0"},
				"west": {"uv": [11.5, 6.5, 12, 15.5], "rotation": 270, "texture": "#0"},
				"up": {"uv": [11.5, 6.5, 12, 15.5], "texture": "#0"},
				"down": {"uv": [11.5, 15.5, 12, 6.5], "texture": "#0"}
			}
		},
		{
			"name": "wooden_hoe12_22",
			"from": [4.5, 0, 7],
			"to": [5, 0.5, 7.5],
			"faces": {
				"north": {"uv": [5, 7, 4.5, 7.5], "texture": "#0"},
				"east": {"uv": [4.5, 7, 5, 7.5], "rotation": 90, "texture": "#0"},
				"south": {"uv": [4.5, 7, 5, 7.5], "texture": "#0"},
				"west": {"uv": [4.5, 7, 5, 7.5], "rotation": 270, "texture": "#0"},
				"up": {"uv": [4.5, 7, 5, 7.5], "texture": "#0"},
				"down": {"uv": [4.5, 7.5, 5, 7], "texture": "#0"}
			}
		},
		{
			"name": "wooden_hoe12_23",
			"from": [12, 0, 7],
			"to": [12.5, 0.5, 12.5],
			"faces": {
				"north": {"uv": [12.5, 7, 12, 7.5], "texture": "#0"},
				"east": {"uv": [12, 7, 12.5, 12.5], "rotation": 90, "texture": "#0"},
				"south": {"uv": [12, 12, 12.5, 12.5], "texture": "#0"},
				"west": {"uv": [12, 7, 12.5, 12.5], "rotation": 270, "texture": "#0"},
				"up": {"uv": [12, 7, 12.5, 12.5], "texture": "#0"},
				"down": {"uv": [12, 12.5, 12.5, 7], "texture": "#0"}
			}
		},
		{
			"name": "wooden_hoe12_24",
			"from": [12.5, 0, 8.5],
			"to": [13, 0.5, 12.5],
			"faces": {
				"north": {"uv": [13, 8.5, 12.5, 9], "texture": "#0"},
				"east": {"uv": [12.5, 8.5, 13, 12.5], "rotation": 90, "texture": "#0"},
				"south": {"uv": [12.5, 12, 13, 12.5], "texture": "#0"},
				"west": {"uv": [12.5, 8.5, 13, 12.5], "rotation": 270, "texture": "#0"},
				"up": {"uv": [12.5, 8.5, 13, 12.5], "texture": "#0"},
				"down": {"uv": [12.5, 12.5, 13, 8.5], "texture": "#0"}
			}
		},
		{
			"name": "wooden_hoe12_25",
			"from": [13, 0, 9],
			"to": [13.5, 0.5, 12.5],
			"faces": {
				"north": {"uv": [13.5, 9, 13, 9.5], "texture": "#0"},
				"east": {"uv": [13, 9, 13.5, 12.5], "rotation": 90, "texture": "#0"},
				"south": {"uv": [13, 12, 13.5, 12.5], "texture": "#0"},
				"west": {"uv": [13, 9, 13.5, 12.5], "rotation": 270, "texture": "#0"},
				"up": {"uv": [13, 9, 13.5, 12.5], "texture": "#0"},
				"down": {"uv": [13, 12.5, 13.5, 9], "texture": "#0"}
			}
		},
		{
			"name": "wooden_hoe12_26",
			"from": [13.5, 0, 9.5],
			"to": [14, 0.5, 12.5],
			"faces": {
				"north": {"uv": [14, 9.5, 13.5, 10], "texture": "#0"},
				"east": {"uv": [13.5, 9.5, 14, 12.5], "rotation": 90, "texture": "#0"},
				"south": {"uv": [13.5, 12, 14, 12.5], "texture": "#0"},
				"west": {"uv": [13.5, 9.5, 14, 12.5], "rotation": 270, "texture": "#0"},
				"up": {"uv": [13.5, 9.5, 14, 12.5], "texture": "#0"},
				"down": {"uv": [13.5, 12.5, 14, 9.5], "texture": "#0"}
			}
		},
		{
			"name": "wooden_hoe12_27",
			"from": [8.5, 0, 10],
			"to": [9.5, 0.5, 10.5],
			"faces": {
				"north": {"uv": [9.5, 10, 8.5, 10.5], "texture": "#0"},
				"east": {"uv": [9, 10, 9.5, 10.5], "rotation": 90, "texture": "#0"},
				"south": {"uv": [8.5, 10, 9.5, 10.5], "texture": "#0"},
				"west": {"uv": [8.5, 10, 9, 10.5], "rotation": 270, "texture": "#0"},
				"up": {"uv": [8.5, 10, 9.5, 10.5], "texture": "#0"},
				"down": {"uv": [8.5, 10.5, 9.5, 10], "texture": "#0"}
			}
		},
		{
			"name": "wooden_hoe12_28",
			"from": [14, 0, 10],
			"to": [14.5, 0.5, 14],
			"faces": {
				"north": {"uv": [14.5, 10, 14, 10.5], "texture": "#0"},
				"east": {"uv": [14, 10, 14.5, 14], "rotation": 90, "texture": "#0"},
				"south": {"uv": [14, 13.5, 14.5, 14], "texture": "#0"},
				"west": {"uv": [14, 10, 14.5, 14], "rotation": 270, "texture": "#0"},
				"up": {"uv": [14, 10, 14.5, 14], "texture": "#0"},
				"down": {"uv": [14, 14, 14.5, 10], "texture": "#0"}
			}
		},
		{
			"name": "wooden_hoe12_29",
			"from": [8, 0, 10.5],
			"to": [8.5, 0.5, 14.5],
			"faces": {
				"north": {"uv": [8.5, 10.5, 8, 11], "texture": "#0"},
				"east": {"uv": [8, 10.5, 8.5, 14.5], "rotation": 90, "texture": "#0"},
				"south": {"uv": [8, 14, 8.5, 14.5], "texture": "#0"},
				"west": {"uv": [8, 10.5, 8.5, 14.5], "rotation": 270, "texture": "#0"},
				"up": {"uv": [8, 10.5, 8.5, 14.5], "texture": "#0"},
				"down": {"uv": [8, 14.5, 8.5, 10.5], "texture": "#0"}
			}
		},
		{
			"name": "wooden_hoe12_30",
			"from": [9, 0, 10.5],
			"to": [9.5, 0.5, 14.5],
			"faces": {
				"north": {"uv": [9.5, 10.5, 9, 11], "texture": "#0"},
				"east": {"uv": [9, 10.5, 9.5, 14.5], "rotation": 90, "texture": "#0"},
				"south": {"uv": [9, 14, 9.5, 14.5], "texture": "#0"},
				"west": {"uv": [9, 10.5, 9.5, 14.5], "rotation": 270, "texture": "#0"},
				"up": {"uv": [9, 10.5, 9.5, 14.5], "texture": "#0"},
				"down": {"uv": [9, 14.5, 9.5, 10.5], "texture": "#0"}
			}
		},
		{
			"name": "wooden_hoe12_31",
			"from": [14.5, 0, 10.5],
			"to": [15, 0.5, 12],
			"faces": {
				"north": {"uv": [15, 10.5, 14.5, 11], "texture": "#0"},
				"east": {"uv": [14.5, 10.5, 15, 12], "rotation": 90, "texture": "#0"},
				"south": {"uv": [14.5, 11.5, 15, 12], "texture": "#0"},
				"west": {"uv": [14.5, 10.5, 15, 12], "rotation": 270, "texture": "#0"},
				"up": {"uv": [14.5, 10.5, 15, 12], "texture": "#0"},
				"down": {"uv": [14.5, 12, 15, 10.5], "texture": "#0"}
			}
		},
		{
			"name": "wooden_hoe12_32",
			"from": [8.5, 0, 11],
			"to": [9, 0.5, 14.5],
			"faces": {
				"north": {"uv": [9, 11, 8.5, 11.5], "texture": "#0"},
				"east": {"uv": [8.5, 11, 9, 14.5], "rotation": 90, "texture": "#0"},
				"south": {"uv": [8.5, 14, 9, 14.5], "texture": "#0"},
				"west": {"uv": [8.5, 11, 9, 14.5], "rotation": 270, "texture": "#0"},
				"up": {"uv": [8.5, 11, 9, 14.5], "texture": "#0"},
				"down": {"uv": [8.5, 14.5, 9, 11], "texture": "#0"}
			}
		},
		{
			"name": "wooden_hoe12_33",
			"from": [14.5, 0, 12.5],
			"to": [15, 0.5, 13.5],
			"faces": {
				"north": {"uv": [15, 12.5, 14.5, 13], "texture": "#0"},
				"east": {"uv": [14.5, 12.5, 15, 13.5], "rotation": 90, "texture": "#0"},
				"south": {"uv": [14.5, 13, 15, 13.5], "texture": "#0"},
				"west": {"uv": [14.5, 12.5, 15, 13.5], "rotation": 270, "texture": "#0"},
				"up": {"uv": [14.5, 12.5, 15, 13.5], "texture": "#0"},
				"down": {"uv": [14.5, 13.5, 15, 12.5], "texture": "#0"}
			}
		},
		{
			"name": "wooden_hoe12_34",
			"from": [7.5, 0, 13],
			"to": [8, 0.5, 14],
			"faces": {
				"north": {"uv": [8, 13, 7.5, 13.5], "texture": "#0"},
				"east": {"uv": [7.5, 13, 8, 14], "rotation": 90, "texture": "#0"},
				"south": {"uv": [7.5, 13.5, 8, 14], "texture": "#0"},
				"west": {"uv": [7.5, 13, 8, 14], "rotation": 270, "texture": "#0"},
				"up": {"uv": [7.5, 13, 8, 14], "texture": "#0"},
				"down": {"uv": [7.5, 14, 8, 13], "texture": "#0"}
			}
		},
		{
			"name": "wooden_hoe12_35",
			"from": [12.5, 0, 13],
			"to": [14, 0.5, 13.5],
			"faces": {
				"north": {"uv": [14, 13, 12.5, 13.5], "texture": "#0"},
				"east": {"uv": [13.5, 13, 14, 13.5], "rotation": 90, "texture": "#0"},
				"south": {"uv": [12.5, 13, 14, 13.5], "texture": "#0"},
				"west": {"uv": [12.5, 13, 13, 13.5], "rotation": 270, "texture": "#0"},
				"up": {"uv": [12.5, 13, 14, 13.5], "texture": "#0"},
				"down": {"uv": [12.5, 13.5, 14, 13], "texture": "#0"}
			}
		},
		{
			"name": "wooden_hoe12_36",
			"from": [12, 0, 13.5],
			"to": [12.5, 0.5, 14],
			"faces": {
				"north": {"uv": [12.5, 13.5, 12, 14], "texture": "#0"},
				"east": {"uv": [12, 13.5, 12.5, 14], "rotation": 90, "texture": "#0"},
				"south": {"uv": [12, 13.5, 12.5, 14], "texture": "#0"},
				"west": {"uv": [12, 13.5, 12.5, 14], "rotation": 270, "texture": "#0"},
				"up": {"uv": [12, 13.5, 12.5, 14], "texture": "#0"},
				"down": {"uv": [12, 14, 12.5, 13.5], "texture": "#0"}
			}
		},
		{
			"name": "wooden_hoe12_37",
			"from": [13.5, 0, 13.5],
			"to": [14, 0.5, 14.5],
			"faces": {
				"north": {"uv": [14, 13.5, 13.5, 14], "texture": "#0"},
				"east": {"uv": [13.5, 13.5, 14, 14.5], "rotation": 90, "texture": "#0"},
				"south": {"uv": [13.5, 14, 14, 14.5], "texture": "#0"},
				"west": {"uv": [13.5, 13.5, 14, 14.5], "rotation": 270, "texture": "#0"},
				"up": {"uv": [13.5, 13.5, 14, 14.5], "texture": "#0"},
				"down": {"uv": [13.5, 14.5, 14, 13.5], "texture": "#0"}
			}
		},
		{
			"name": "wooden_hoe12_38",
			"from": [13, 0, 14],
			"to": [13.5, 0.5, 15],
			"faces": {
				"north": {"uv": [13.5, 14, 13, 14.5], "texture": "#0"},
				"east": {"uv": [13, 14, 13.5, 15], "rotation": 90, "texture": "#0"},
				"south": {"uv": [13, 14.5, 13.5, 15], "texture": "#0"},
				"west": {"uv": [13, 14, 13.5, 15], "rotation": 270, "texture": "#0"},
				"up": {"uv": [13, 14, 13.5, 15], "texture": "#0"},
				"down": {"uv": [13, 15, 13.5, 14], "texture": "#0"}
			}
		},
		{
			"name": "wooden_hoe12_39",
			"from": [12.5, 0, 14.5],
			"to": [13, 0.5, 15.5],
			"faces": {
				"north": {"uv": [13, 14.5, 12.5, 15], "texture": "#0"},
				"east": {"uv": [12.5, 14.5, 13, 15.5], "rotation": 90, "texture": "#0"},
				"south": {"uv": [12.5, 15, 13, 15.5], "texture": "#0"},
				"west": {"uv": [12.5, 14.5, 13, 15.5], "rotation": 270, "texture": "#0"},
				"up": {"uv": [12.5, 14.5, 13, 15.5], "texture": "#0"},
				"down": {"uv": [12.5, 15.5, 13, 14.5], "texture": "#0"}
			}
		},
		{
			"name": "wooden_hoe12_40",
			"from": [12, 0, 15],
			"to": [12.5, 0.5, 15.5],
			"faces": {
				"north": {"uv": [12.5, 15, 12, 15.5], "texture": "#0"},
				"east": {"uv": [12, 15, 12.5, 15.5], "rotation": 90, "texture": "#0"},
				"south": {"uv": [12, 15, 12.5, 15.5], "texture": "#0"},
				"west": {"uv": [12, 15, 12.5, 15.5], "rotation": 270, "texture": "#0"},
				"up": {"uv": [12, 15, 12.5, 15.5], "texture": "#0"},
				"down": {"uv": [12, 15.5, 12.5, 15], "texture": "#0"}
			}
		}
	],
	"display": {
		"thirdperson_righthand": {
			"rotation": [60, 0, 90],
			"translation": [-5.75, 1.5, -1],
			"scale": [0.8, 0.8, 0.8]
		},
		"thirdperson_lefthand": {
			"rotation": [60, 0, -90],
			"translation": [5.75, 1.5, -1],
			"scale": [0.8, 0.8, 0.8]
		},
		"firstperson_righthand": {
			"rotation": [55, 9, 90],
			"translation": [0, -1.5, -7.75]
		},
		"firstperson_lefthand": {
			"rotation": [55, 0, -90],
			"translation": [15, 0.5, -7.75]
		},
		"ground": {
			"translation": [0, 4, 0]
		},
		"gui": {
			"rotation": [90, 0, 0]
		},
		"fixed": {
			"rotation": [90, 0, 0],
			"translation": [0, 0, 7.25]
		}
	},
	"groups": [
		{
			"name": "wooden_hoe12",
			"origin": [8, 8, 8],
			"children": [0, 1, 2, 3, 4, 5, 6, 7, 8, 9, 10, 11, 12, 13, 14, 15, 16, 17, 18, 19, 20, 21, 22, 23, 24, 25, 26, 27, 28, 29, 30, 31, 32, 33, 34, 35, 36, 37, 38, 39, 40]
		}
	]
}