{
	"credit": "Made with Blockbench",
	"textures": {
		"0": "items/wooden_hoe4",
		"particle": "items/wooden_hoe4"
	},
	"elements": [
		{
			"name": "wooden_hoe4_0",
			"from": [2.5, 0, 0],
			"to": [3.5, 0.5, 1],
			"faces": {
				"north": {"uv": [3.5, 0, 2.5, 0.5], "texture": "#0"},
				"east": {"uv": [3, 0, 3.5, 1], "rotation": 90, "texture": "#0"},
				"south": {"uv": [2.5, 0.5, 3.5, 1], "texture": "#0"},
				"west": {"uv": [2.5, 0, 3, 1], "rotation": 270, "texture": "#0"},
				"up": {"uv": [2.5, 0, 3.5, 1], "texture": "#0"},
				"down": {"uv": [2.5, 1, 3.5, 0], "texture": "#0"}
			}
		},
		{
			"name": "wooden_hoe4_1",
			"from": [3.5, 0, 0.5],
			"to": [4, 0.5, 2],
			"faces": {
				"north": {"uv": [4, 0.5, 3.5, 1], "texture": "#0"},
				"east": {"uv": [3.5, 0.5, 4, 2], "rotation": 90, "texture": "#0"},
				"south": {"uv": [3.5, 1.5, 4, 2], "texture": "#0"},
				"west": {"uv": [3.5, 0.5, 4, 2], "rotation": 270, "texture": "#0"},
				"up": {"uv": [3.5, 0.5, 4, 2], "texture": "#0"},
				"down": {"uv": [3.5, 2, 4, 0.5], "texture": "#0"}
			}
		},
		{
			"name": "wooden_hoe4_2",
			"from": [3, 0, 1],
			"to": [3.5, 0.5, 1.5],
			"faces": {
				"north": {"uv": [3.5, 1, 3, 1.5], "texture": "#0"},
				"east": {"uv": [3, 1, 3.5, 1.5], "rotation": 90, "texture": "#0"},
				"south": {"uv": [3, 1, 3.5, 1.5], "texture": "#0"},
				"west": {"uv": [3, 1, 3.5, 1.5], "rotation": 270, "texture": "#0"},
				"up": {"uv": [3, 1, 3.5, 1.5], "texture": "#0"},
				"down": {"uv": [3, 1.5, 3.5, 1], "texture": "#0"}
			}
		},
		{
			"name": "wooden_hoe4_3",
			"from": [4, 0, 1],
			"to": [4.5, 0.5, 2.5],
			"faces": {
				"north": {"uv": [4.5, 1, 4, 1.5], "texture": "#0"},
				"east": {"uv": [4, 1, 4.5, 2.5], "rotation": 90, "texture": "#0"},
				"south": {"uv": [4, 2, 4.5, 2.5], "texture": "#0"},
				"west": {"uv": [4, 1, 4.5, 2.5], "rotation": 270, "texture": "#0"},
				"up": {"uv": [4, 1, 4.5, 2.5], "texture": "#0"},
				"down": {"uv": [4, 2.5, 4.5, 1], "texture": "#0"}
			}
		},
		{
			"name": "wooden_hoe4_4",
			"from": [4.5, 0, 1.5],
			"to": [5, 0.5, 3],
			"faces": {
				"north": {"uv": [5, 1.5, 4.5, 2], "texture": "#0"},
				"east": {"uv": [4.5, 1.5, 5, 3], "rotation": 90, "texture": "#0"},
				"south": {"uv": [4.5, 2.5, 5, 3], "texture": "#0"},
				"west": {"uv": [4.5, 1.5, 5, 3], "rotation": 270, "texture": "#0"},
				"up": {"uv": [4.5, 1.5, 5, 3], "texture": "#0"},
				"down": {"uv": [4.5, 3, 5, 1.5], "texture": "#0"}
			}
		},
		{
			"name": "wooden_hoe4_5",
			"from": [5, 0, 2],
			"to": [5.5, 0.5, 3.5],
			"faces": {
				"north": {"uv": [5.5, 2, 5, 2.5], "texture": "#0"},
				"east": {"uv": [5, 2, 5.5, 3.5], "rotation": 90, "texture": "#0"},
				"south": {"uv": [5, 3, 5.5, 3.5], "texture": "#0"},
				"west": {"uv": [5, 2, 5.5, 3.5], "rotation": 270, "texture": "#0"},
				"up": {"uv": [5, 2, 5.5, 3.5], "texture": "#0"},
				"down": {"uv": [5, 3.5, 5.5, 2], "texture": "#0"}
			}
		},
		{
			"name": "wooden_hoe4_6",
			"from": [5.5, 0, 2.5],
			"to": [6, 0.5, 4],
			"faces": {
				"north": {"uv": [6, 2.5, 5.5, 3], "texture": "#0"},
				"east": {"uv": [5.5, 2.5, 6, 4], "rotation": 90, "texture": "#0"},
				"south": {"uv": [5.5, 3.5, 6, 4], "texture": "#0"},
				"west": {"uv": [5.5, 2.5, 6, 4], "rotation": 270, "texture": "#0"},
				"up": {"uv": [5.5, 2.5, 6, 4], "texture": "#0"},
				"down": {"uv": [5.5, 4, 6, 2.5], "texture": "#0"}
			}
		},
		{
			"name": "wooden_hoe4_7",
			"from": [8.5, 0, 2.5],
			"to": [9, 0.5, 5],
			"faces": {
				"north": {"uv": [9, 2.5, 8.5, 3], "texture": "#0"},
				"east": {"uv": [8.5, 2.5, 9, 5], "rotation": 90, "texture": "#0"},
				"south": {"uv": [8.5, 4.5, 9, 5], "texture": "#0"},
				"west": {"uv": [8.5, 2.5, 9, 5], "rotation": 270, "texture": "#0"},
				"up": {"uv": [8.5, 2.5, 9, 5], "texture": "#0"},
				"down": {"uv": [8.5, 5, 9, 2.5], "texture": "#0"}
			}
		},
		{
			"name": "wooden_hoe4_8",
			"from": [6, 0, 3],
			"to": [6.5, 0.5, 6.5],
			"faces": {
				"north": {"uv": [6.5, 3, 6, 3.5], "texture": "#0"},
				"east": {"uv": [6, 3, 6.5, 6.5], "rotation": 90, "texture": "#0"},
				"south": {"uv": [6, 6, 6.5, 6.5], "texture": "#0"},
				"west": {"uv": [6, 3, 6.5, 6.5], "rotation": 270, "texture": "#0"},
				"up": {"uv": [6, 3, 6.5, 6.5], "texture": "#0"},
				"down": {"uv": [6, 6.5, 6.5, 3], "texture": "#0"}
			}
		},
		{
			"name": "wooden_hoe4_9",
			"from": [8, 0, 3],
			"to": [8.5, 0.5, 4.5],
			"faces": {
				"north": {"uv": [8.5, 3, 8, 3.5], "texture": "#0"},
				"east": {"uv": [8, 3, 8.5, 4.5], "rotation": 90, "texture": "#0"},
				"south": {"uv": [8, 4, 8.5, 4.5], "texture": "#0"},
				"west": {"uv": [8, 3, 8.5, 4.5], "rotation": 270, "texture": "#0"},
				"up": {"uv": [8, 3, 8.5, 4.5], "texture": "#0"},
				"down": {"uv": [8, 4.5, 8.5, 3], "texture": "#0"}
			}
		},
		{
			"name": "wooden_hoe4_10",
			"from": [9, 0, 3],
			"to": [9.5, 0.5, 5],
			"faces": {
				"north": {"uv": [9.5, 3, 9, 3.5], "texture": "#0"},
				"east": {"uv": [9, 3, 9.5, 5], "rotation": 90, "texture": "#0"},
				"south": {"uv": [9, 4.5, 9.5, 5], "texture": "#0"},
				"west": {"uv": [9, 3, 9.5, 5], "rotation": 270, "texture": "#0"},
				"up": {"uv": [9, 3, 9.5, 5], "texture": "#0"},
				"down": {"uv": [9, 5, 9.5, 3], "texture": "#0"}
			}
		},
		{
			"name": "wooden_hoe4_11",
			"from": [6.5, 0, 3.5],
			"to": [7, 0.5, 7],
			"faces": {
				"north": {"uv": [7, 3.5, 6.5, 4], "texture": "#0"},
				"east": {"uv": [6.5, 3.5, 7, 7], "rotation": 90, "texture": "#0"},
				"south": {"uv": [6.5, 6.5, 7, 7], "texture": "#0"},
				"west": {"uv": [6.5, 3.5, 7, 7], "rotation": 270, "texture": "#0"},
				"up": {"uv": [6.5, 3.5, 7, 7], "texture": "#0"},
				"down": {"uv": [6.5, 7, 7, 3.5], "texture": "#0"}
			}
		},
		{
			"name": "wooden_hoe4_12",
			"from": [7.5, 0, 3.5],
			"to": [8, 0.5, 4],
			"faces": {
				"north": {"uv": [8, 3.5, 7.5, 4], "texture": "#0"},
				"east": {"uv": [7.5, 3.5, 8, 4], "rotation": 90, "texture": "#0"},
				"south": {"uv": [7.5, 3.5, 8, 4], "texture": "#0"},
				"west": {"uv": [7.5, 3.5, 8, 4], "rotation": 270, "texture": "#0"},
				"up": {"uv": [7.5, 3.5, 8, 4], "texture": "#0"},
				"down": {"uv": [7.5, 4, 8, 3.5], "texture": "#0"}
			}
		},
		{
			"name": "wooden_hoe4_13",
			"from": [9.5, 0, 3.5],
			"to": [10, 0.5, 11],
			"faces": {
				"north": {"uv": [10, 3.5, 9.5, 4], "texture": "#0"},
				"east": {"uv": [9.5, 3.5, 10, 11], "rotation": 90, "texture": "#0"},
				"south": {"uv": [9.5, 10.5, 10, 11], "texture": "#0"},
				"west": {"uv": [9.5, 3.5, 10, 11], "rotation": 270, "texture": "#0"},
				"up": {"uv": [9.5, 3.5, 10, 11], "texture": "#0"},
				"down": {"uv": [9.5, 11, 10, 3.5], "texture": "#0"}
			}
		},
		{
			"name": "wooden_hoe4_14",
			"from": [11, 0, 3.5],
			"to": [11.5, 0.5, 7],
			"faces": {
				"north": {"uv": [11.5, 3.5, 11, 4], "texture": "#0"},
				"east": {"uv": [11, 3.5, 11.5, 7], "rotation": 90, "texture": "#0"},
				"south": {"uv": [11, 6.5, 11.5, 7], "texture": "#0"},
				"west": {"uv": [11, 3.5, 11.5, 7], "rotation": 270, "texture": "#0"},
				"up": {"uv": [11, 3.5, 11.5, 7], "texture": "#0"},
				"down": {"uv": [11, 7, 11.5, 3.5], "texture": "#0"}
			}
		},
		{
			"name": "wooden_hoe4_15",
			"from": [7, 0, 4],
			"to": [7.5, 0.5, 7.5],
			"faces": {
				"north": {"uv": [7.5, 4, 7, 4.5], "texture": "#0"},
				"east": {"uv": [7, 4, 7.5, 7.5], "rotation": 90, "texture": "#0"},
				"south": {"uv": [7, 7, 7.5, 7.5], "texture": "#0"},
				"west": {"uv": [7, 4, 7.5, 7.5], "rotation": 270, "texture": "#0"},
				"up": {"uv": [7, 4, 7.5, 7.5], "texture": "#0"},
				"down": {"uv": [7, 7.5, 7.5, 4], "texture": "#0"}
			}
		},
		{
			"name": "wooden_hoe4_16",
			"from": [10.5, 0, 4],
			"to": [11, 0.5, 13],
			"faces": {
				"north": {"uv": [11, 4, 10.5, 4.5], "texture": "#0"},
				"east": {"uv": [10.5, 4, 11, 13], "rotation": 90, "texture": "#0"},
				"south": {"uv": [10.5, 12.5, 11, 13], "texture": "#0"},
				"west": {"uv": [10.5, 4, 11, 13], "rotation": 270, "texture": "#0"},
				"up": {"uv": [10.5, 4, 11, 13], "texture": "#0"},
				"down": {"uv": [10.5, 13, 11, 4], "texture": "#0"}
			}
		},
		{
			"name": "wooden_hoe4_17",
			"from": [11.5, 0, 4],
			"to": [12, 0.5, 8],
			"faces": {
				"north": {"uv": [12, 4, 11.5, 4.5], "texture": "#0"},
				"east": {"uv": [11.5, 4, 12, 8], "rotation": 90, "texture": "#0"},
				"south": {"uv": [11.5, 7.5, 12, 8], "texture": "#0"},
				"west": {"uv": [11.5, 4, 12, 8], "rotation": 270, "texture": "#0"},
				"up": {"uv": [11.5, 4, 12, 8], "texture": "#0"},
				"down": {"uv": [11.5, 8, 12, 4], "texture": "#0"}
			}
		},
		{
			"name": "wooden_hoe4_18",
			"from": [7.5, 0, 4.5],
			"to": [8, 0.5, 8.5],
			"faces": {
				"north": {"uv": [8, 4.5, 7.5, 5], "texture": "#0"},
				"east": {"uv": [7.5, 4.5, 8, 8.5], "rotation": 90, "texture": "#0"},
				"south": {"uv": [7.5, 8, 8, 8.5], "texture": "#0"},
				"west": {"uv": [7.5, 4.5, 8, 8.5], "rotation": 270, "texture": "#0"},
				"up": {"uv": [7.5, 4.5, 8, 8.5], "texture": "#0"},
				"down": {"uv": [7.5, 8.5, 8, 4.5], "texture": "#0"}
			}
		},
		{
			"name": "wooden_hoe4_19",
			"from": [10, 0, 4.5],
			"to": [10.5, 0.5, 10.5],
			"faces": {
				"north": {"uv": [10.5, 4.5, 10, 5], "texture": "#0"},
				"east": {"uv": [10, 4.5, 10.5, 10.5], "rotation": 90, "texture": "#0"},
				"south": {"uv": [10, 10, 10.5, 10.5], "texture": "#0"},
				"west": {"uv": [10, 4.5, 10.5, 10.5], "rotation": 270, "texture": "#0"},
				"up": {"uv": [10, 4.5, 10.5, 10.5], "texture": "#0"},
				"down": {"uv": [10, 10.5, 10.5, 4.5], "texture": "#0"}
			}
		},
		{
			"name": "wooden_hoe4_20",
			"from": [12, 0, 4.5],
			"to": [12.5, 0.5, 5.5],
			"faces": {
				"north": {"uv": [12.5, 4.5, 12, 5], "texture": "#0"},
				"east": {"uv": [12, 4.5, 12.5, 5.5], "rotation": 90, "texture": "#0"},
				"south": {"uv": [12, 5, 12.5, 5.5], "texture": "#0"},
				"west": {"uv": [12, 4.5, 12.5, 5.5], "rotation": 270, "texture": "#0"},
				"up": {"uv": [12, 4.5, 12.5, 5.5], "texture": "#0"},
				"down": {"uv": [12, 5.5, 12.5, 4.5], "texture": "#0"}
			}
		},
		{
			"name": "wooden_hoe4_21",
			"from": [5.5, 0, 5],
			"to": [6, 0.5, 6],
			"faces": {
				"north": {"uv": [6, 5, 5.5, 5.5], "texture": "#0"},
				"east": {"uv": [5.5, 5, 6, 6], "rotation": 90, "texture": "#0"},
				"south": {"uv": [5.5, 5.5, 6, 6], "texture": "#0"},
				"west": {"uv": [5.5, 5, 6, 6], "rotation": 270, "texture": "#0"},
				"up": {"uv": [5.5, 5, 6, 6], "texture": "#0"},
				"down": {"uv": [5.5, 6, 6, 5], "texture": "#0"}
			}
		},
		{
			"name": "wooden_hoe4_22",
			"from": [8, 0, 5],
			"to": [8.5, 0.5, 8],
			"faces": {
				"north": {"uv": [8.5, 5, 8, 5.5], "texture": "#0"},
				"east": {"uv": [8, 5, 8.5, 8], "rotation": 90, "texture": "#0"},
				"south": {"uv": [8, 7.5, 8.5, 8], "texture": "#0"},
				"west": {"uv": [8, 5, 8.5, 8], "rotation": 270, "texture": "#0"},
				"up": {"uv": [8, 5, 8.5, 8], "texture": "#0"},
				"down": {"uv": [8, 8, 8.5, 5], "texture": "#0"}
			}
		},
		{
			"name": "wooden_hoe4_23",
			"from": [8.5, 0, 5.5],
			"to": [9.5, 0.5, 8.5],
			"faces": {
				"north": {"uv": [9.5, 5.5, 8.5, 6], "texture": "#0"},
				"east": {"uv": [9, 5.5, 9.5, 8.5], "rotation": 90, "texture": "#0"},
				"south": {"uv": [8.5, 8, 9.5, 8.5], "texture": "#0"},
				"west": {"uv": [8.5, 5.5, 9, 8.5], "rotation": 270, "texture": "#0"},
				"up": {"uv": [8.5, 5.5, 9.5, 8.5], "texture": "#0"},
				"down": {"uv": [8.5, 8.5, 9.5, 5.5], "texture": "#0"}
			}
		},
		{
			"name": "wooden_hoe4_24",
			"from": [12, 0, 6.5],
			"to": [13, 0.5, 7.5],
			"faces": {
				"north": {"uv": [13, 6.5, 12, 7], "texture": "#0"},
				"east": {"uv": [12.5, 6.5, 13, 7.5], "rotation": 90, "texture": "#0"},
				"south": {"uv": [12, 7, 13, 7.5], "texture": "#0"},
				"west": {"uv": [12, 6.5, 12.5, 7.5], "rotation": 270, "texture": "#0"},
				"up": {"uv": [12, 6.5, 13, 7.5], "texture": "#0"},
				"down": {"uv": [12, 7.5, 13, 6.5], "texture": "#0"}
			}
		},
		{
			"name": "wooden_hoe4_25",
			"from": [12, 0, 7.5],
			"to": [12.5, 0.5, 8],
			"faces": {
				"north": {"uv": [12.5, 7.5, 12, 8], "texture": "#0"},
				"east": {"uv": [12, 7.5, 12.5, 8], "rotation": 90, "texture": "#0"},
				"south": {"uv": [12, 7.5, 12.5, 8], "texture": "#0"},
				"west": {"uv": [12, 7.5, 12.5, 8], "rotation": 270, "texture": "#0"},
				"up": {"uv": [12, 7.5, 12.5, 8], "texture": "#0"},
				"down": {"uv": [12, 8, 12.5, 7.5], "texture": "#0"}
			}
		},
		{
			"name": "wooden_hoe4_26",
			"from": [7, 0, 8],
			"to": [7.5, 0.5, 9.5],
			"faces": {
				"north": {"uv": [7.5, 8, 7, 8.5], "texture": "#0"},
				"east": {"uv": [7, 8, 7.5, 9.5], "rotation": 90, "texture": "#0"},
				"south": {"uv": [7, 9, 7.5, 9.5], "texture": "#0"},
				"west": {"uv": [7, 8, 7.5, 9.5], "rotation": 270, "texture": "#0"},
				"up": {"uv": [7, 8, 7.5, 9.5], "texture": "#0"},
				"down": {"uv": [7, 9.5, 7.5, 8], "texture": "#0"}
			}
		},
		{
			"name": "wooden_hoe4_27",
			"from": [11, 0, 8],
			"to": [11.5, 0.5, 12.5],
			"faces": {
				"north": {"uv": [11.5, 8, 11, 8.5], "texture": "#0"},
				"east": {"uv": [11, 8, 11.5, 12.5], "rotation": 90, "texture": "#0"},
				"south": {"uv": [11, 12, 11.5, 12.5], "texture": "#0"},
				"west": {"uv": [11, 8, 11.5, 12.5], "rotation": 270, "texture": "#0"},
				"up": {"uv": [11, 8, 11.5, 12.5], "texture": "#0"},
				"down": {"uv": [11, 12.5, 11.5, 8], "texture": "#0"}
			}
		},
		{
			"name": "wooden_hoe4_28",
			"from": [8, 0, 8.5],
			"to": [9, 0.5, 9],
			"faces": {
				"north": {"uv": [9, 8.5, 8, 9], "texture": "#0"},
				"east": {"uv": [8.5, 8.5, 9, 9], "rotation": 90, "texture": "#0"},
				"south": {"uv": [8, 8.5, 9, 9], "texture": "#0"},
				"west": {"uv": [8, 8.5, 8.5, 9], "rotation": 270, "texture": "#0"},
				"up": {"uv": [8, 8.5, 9, 9], "texture": "#0"},
				"down": {"uv": [8, 9, 9, 8.5], "texture": "#0"}
			}
		},
		{
			"name": "wooden_hoe4_29",
			"from": [7.5, 0, 9],
			"to": [8, 0.5, 10],
			"faces": {
				"north": {"uv": [8, 9, 7.5, 9.5], "texture": "#0"},
				"east": {"uv": [7.5, 9, 8, 10], "rotation": 90, "texture": "#0"},
				"south": {"uv": [7.5, 9.5, 8, 10], "texture": "#0"},
				"west": {"uv": [7.5, 9, 8, 10], "rotation": 270, "texture": "#0"},
				"up": {"uv": [7.5, 9, 8, 10], "texture": "#0"},
				"down": {"uv": [7.5, 10, 8, 9], "texture": "#0"}
			}
		},
		{
			"name": "wooden_hoe4_30",
			"from": [9, 0, 9],
			"to": [9.5, 0.5, 13],
			"faces": {
				"north": {"uv": [9.5, 9, 9, 9.5], "texture": "#0"},
				"east": {"uv": [9, 9, 9.5, 13], "rotation": 90, "texture": "#0"},
				"south": {"uv": [9, 12.5, 9.5, 13], "texture": "#0"},
				"west": {"uv": [9, 9, 9.5, 13], "rotation": 270, "texture": "#0"},
				"up": {"uv": [9, 9, 9.5, 13], "texture": "#0"},
				"down": {"uv": [9, 13, 9.5, 9], "texture": "#0"}
			}
		},
		{
			"name": "wooden_hoe4_31",
			"from": [8, 0, 9.5],
			"to": [9, 0.5, 12],
			"faces": {
				"north": {"uv": [9, 9.5, 8, 10], "texture": "#0"},
				"east": {"uv": [8.5, 9.5, 9, 12], "rotation": 90, "texture": "#0"},
				"south": {"uv": [8, 11.5, 9, 12], "texture": "#0"},
				"west": {"uv": [8, 9.5, 8.5, 12], "rotation": 270, "texture": "#0"},
				"up": {"uv": [8, 9.5, 9, 12], "texture": "#0"},
				"down": {"uv": [8, 12, 9, 9.5], "texture": "#0"}
			}
		},
		{
			"name": "wooden_hoe4_32",
			"from": [11.5, 0, 9.5],
			"to": [12, 0.5, 15],
			"faces": {
				"north": {"uv": [12, 9.5, 11.5, 10], "texture": "#0"},
				"east": {"uv": [11.5, 9.5, 12, 15], "rotation": 90, "texture": "#0"},
				"south": {"uv": [11.5, 14.5, 12, 15], "texture": "#0"},
				"west": {"uv": [11.5, 9.5, 12, 15], "rotation": 270, "texture": "#0"},
				"up": {"uv": [11.5, 9.5, 12, 15], "texture": "#0"},
				"down": {"uv": [11.5, 15, 12, 9.5], "texture": "#0"}
			}
		},
		{
			"name": "wooden_hoe4_33",
			"from": [12.5, 0, 9.5],
			"to": [13, 0.5, 16],
			"faces": {
				"north": {"uv": [13, 9.5, 12.5, 10], "texture": "#0"},
				"east": {"uv": [12.5, 9.5, 13, 16], "rotation": 90, "texture": "#0"},
				"south": {"uv": [12.5, 15.5, 13, 16], "texture": "#0"},
				"west": {"uv": [12.5, 9.5, 13, 16], "rotation": 270, "texture": "#0"},
				"up": {"uv": [12.5, 9.5, 13, 16], "texture": "#0"},
				"down": {"uv": [12.5, 16, 13, 9.5], "texture": "#0"}
			}
		},
		{
			"name": "wooden_hoe4_34",
			"from": [12, 0, 10],
			"to": [12.5, 0.5, 15.5],
			"faces": {
				"north": {"uv": [12.5, 10, 12, 10.5], "texture": "#0"},
				"east": {"uv": [12, 10, 12.5, 15.5], "rotation": 90, "texture": "#0"},
				"south": {"uv": [12, 15, 12.5, 15.5], "texture": "#0"},
				"west": {"uv": [12, 10, 12.5, 15.5], "rotation": 270, "texture": "#0"},
				"up": {"uv": [12, 10, 12.5, 15.5], "texture": "#0"},
				"down": {"uv": [12, 15.5, 12.5, 10], "texture": "#0"}
			}
		},
		{
			"name": "wooden_hoe4_35",
			"from": [13, 0, 10],
			"to": [13.5, 0.5, 15.5],
			"faces": {
				"north": {"uv": [13.5, 10, 13, 10.5], "texture": "#0"},
				"east": {"uv": [13, 10, 13.5, 15.5], "rotation": 90, "texture": "#0"},
				"south": {"uv": [13, 15, 13.5, 15.5], "texture": "#0"},
				"west": {"uv": [13, 10, 13.5, 15.5], "rotation": 270, "texture": "#0"},
				"up": {"uv": [13, 10, 13.5, 15.5], "texture": "#0"},
				"down": {"uv": [13, 15.5, 13.5, 10], "texture": "#0"}
			}
		},
		{
			"name": "wooden_hoe4_36",
			"from": [13.5, 0, 10.5],
			"to": [14, 0.5, 15],
			"faces": {
				"north": {"uv": [14, 10.5, 13.5, 11], "texture": "#0"},
				"east": {"uv": [13.5, 10.5, 14, 15], "rotation": 90, "texture": "#0"},
				"south": {"uv": [13.5, 14.5, 14, 15], "texture": "#0"},
				"west": {"uv": [13.5, 10.5, 14, 15], "rotation": 270, "texture": "#0"},
				"up": {"uv": [13.5, 10.5, 14, 15], "texture": "#0"},
				"down": {"uv": [13.5, 15, 14, 10.5], "texture": "#0"}
			}
		},
		{
			"name": "wooden_hoe4_37",
			"from": [14, 0, 11],
			"to": [14.5, 0.5, 14.5],
			"faces": {
				"north": {"uv": [14.5, 11, 14, 11.5], "texture": "#0"},
				"east": {"uv": [14, 11, 14.5, 14.5], "rotation": 90, "texture": "#0"},
				"south": {"uv": [14, 14, 14.5, 14.5], "texture": "#0"},
				"west": {"uv": [14, 11, 14.5, 14.5], "rotation": 270, "texture": "#0"},
				"up": {"uv": [14, 11, 14.5, 14.5], "texture": "#0"},
				"down": {"uv": [14, 14.5, 14.5, 11], "texture": "#0"}
			}
		},
		{
			"name": "wooden_hoe4_38",
			"from": [9.5, 0, 11.5],
			"to": [10.5, 0.5, 13.5],
			"faces": {
				"north": {"uv": [10.5, 11.5, 9.5, 12], "texture": "#0"},
				"east": {"uv": [10, 11.5, 10.5, 13.5], "rotation": 90, "texture": "#0"},
				"south": {"uv": [9.5, 13, 10.5, 13.5], "texture": "#0"},
				"west": {"uv": [9.5, 11.5, 10, 13.5], "rotation": 270, "texture": "#0"},
				"up": {"uv": [9.5, 11.5, 10.5, 13.5], "texture": "#0"},
				"down": {"uv": [9.5, 13.5, 10.5, 11.5], "texture": "#0"}
			}
		},
		{
			"name": "wooden_hoe4_39",
			"from": [14.5, 0, 11.5],
			"to": [15, 0.5, 14],
			"faces": {
				"north": {"uv": [15, 11.5, 14.5, 12], "texture": "#0"},
				"east": {"uv": [14.5, 11.5, 15, 14], "rotation": 90, "texture": "#0"},
				"south": {"uv": [14.5, 13.5, 15, 14], "texture": "#0"},
				"west": {"uv": [14.5, 11.5, 15, 14], "rotation": 270, "texture": "#0"},
				"up": {"uv": [14.5, 11.5, 15, 14], "texture": "#0"},
				"down": {"uv": [14.5, 14, 15, 11.5], "texture": "#0"}
			}
		},
		{
			"name": "wooden_hoe4_40",
			"from": [8.5, 0, 12],
			"to": [9, 0.5, 12.5],
			"faces": {
				"north": {"uv": [9, 12, 8.5, 12.5], "texture": "#0"},
				"east": {"uv": [8.5, 12, 9, 12.5], "rotation": 90, "texture": "#0"},
				"south": {"uv": [8.5, 12, 9, 12.5], "texture": "#0"},
				"west": {"uv": [8.5, 12, 9, 12.5], "rotation": 270, "texture": "#0"},
				"up": {"uv": [8.5, 12, 9, 12.5], "texture": "#0"},
				"down": {"uv": [8.5, 12.5, 9, 12], "texture": "#0"}
			}
		},
		{
			"name": "wooden_hoe4_41",
			"from": [15, 0, 12],
			"to": [15.5, 0.5, 13.5],
			"faces": {
				"north": {"uv": [15.5, 12, 15, 12.5], "texture": "#0"},
				"east": {"uv": [15, 12, 15.5, 13.5], "rotation": 90, "texture": "#0"},
				"south": {"uv": [15, 13, 15.5, 13.5], "texture": "#0"},
				"west": {"uv": [15, 12, 15.5, 13.5], "rotation": 270, "texture": "#0"},
				"up": {"uv": [15, 12, 15.5, 13.5], "texture": "#0"},
				"down": {"uv": [15, 13.5, 15.5, 12], "texture": "#0"}
			}
		},
		{
			"name": "wooden_hoe4_42",
			"from": [15.5, 0, 12.5],
			"to": [16, 0.5, 13],
			"faces": {
				"north": {"uv": [16, 12.5, 15.5, 13], "texture": "#0"},
				"east": {"uv": [15.5, 12.5, 16, 13], "rotation": 90, "texture": "#0"},
				"south": {"uv": [15.5, 12.5, 16, 13], "texture": "#0"},
				"west": {"uv": [15.5, 12.5, 16, 13], "rotation": 270, "texture": "#0"},
				"up": {"uv": [15.5, 12.5, 16, 13], "texture": "#0"},
				"down": {"uv": [15.5, 13, 16, 12.5], "texture": "#0"}
			}
		},
		{
			"name": "wooden_hoe4_43",
			"from": [11, 0, 13],
			"to": [11.5, 0.5, 13.5],
			"faces": {
				"north": {"uv": [11.5, 13, 11, 13.5], "texture": "#0"},
				"east": {"uv": [11, 13, 11.5, 13.5], "rotation": 90, "texture": "#0"},
				"south": {"uv": [11, 13, 11.5, 13.5], "texture": "#0"},
				"west": {"uv": [11, 13, 11.5, 13.5], "rotation": 270, "texture": "#0"},
				"up": {"uv": [11, 13, 11.5, 13.5], "texture": "#0"},
				"down": {"uv": [11, 13.5, 11.5, 13], "texture": "#0"}
			}
		},
		{
			"name": "wooden_hoe4_44",
			"from": [11, 0, 14],
			"to": [11.5, 0.5, 14.5],
			"faces": {
				"north": {"uv": [11.5, 14, 11, 14.5], "texture": "#0"},
				"east": {"uv": [11, 14, 11.5, 14.5], "rotation": 90, "texture": "#0"},
				"south": {"uv": [11, 14, 11.5, 14.5], "texture": "#0"},
				"west": {"uv": [11, 14, 11.5, 14.5], "rotation": 270, "texture": "#0"},
				"up": {"uv": [11, 14, 11.5, 14.5], "texture": "#0"},
				"down": {"uv": [11, 14.5, 11.5, 14], "texture": "#0"}
			}
		}
	],
	"display": {
		"thirdperson_righthand": {
			"rotation": [50, 0, 90],
			"translation": [-8, 0.5, -0.5]
		},
		"thirdperson_lefthand": {
			"rotation": [49, 0, -90],
			"translation": [8, 0.5, -0.5]
		},
		"firstperson_righthand": {
			"rotation": [55, 9, 90],
			"translation": [0, -1.5, -6.25]
		},
		"firstperson_lefthand": {
			"rotation": [55, 0, -90],
			"translation": [15, 0.5, -6.25]
		},
		"ground": {
			"translation": [0, 4, 0]
		},
		"gui": {
			"rotation": [90, 0, 0]
		},
		"fixed": {
			"rotation": [90, 0, 0],
			"translation": [0, 0, 7.25]
		}
	},
	"groups": [
		{
			"name": "wooden_hoe4",
			"origin": [8, 8, 8],
			"children": [0, 1, 2, 3, 4, 5, 6, 7, 8, 9, 10, 11, 12, 13, 14, 15, 16, 17, 18, 19, 20, 21, 22, 23, 24, 25, 26, 27, 28, 29, 30, 31, 32, 33, 34, 35, 36, 37, 38, 39, 40, 41, 42, 43, 44]
		}
	]
}